Name,Team,xMLBAMID,G,AB,PA,H,1B,2B,3B,HR,R,RBI,BB,IBB,SO,HBP,SF,SH,GDP,SB,CS,AVG,xAVG,SLG,xSLG
Bryce Johnson,SDP,669369,55.0,76.0,84.0,26.0,21.0,4.0,0.0,1.0,9.0,8.0,3.0,0.0,19.0,2.0,0.0,3.0,1.0,4.0,1.0,0.342,0.301,0.434,0.403
Joey Loperfido,TOR,694388,41.0,96.0,104.0,32.0,24.0,4.0,0.0,4.0,12.0,14.0,4.0,0.0,27.0,3.0,0.0,1.0,2.0,1.0,2.0,0.333,0.268,0.5,0.403
Aaron Judge,NYY,592450,152.0,541.0,679.0,179.0,94.0,30.0,2.0,53.0,137.0,114.0,124.0,36.0,160.0,7.0,7.0,0.0,16.0,12.0,5.0,0.331,0.315,0.688,0.735
Miguel Andujar,CIN,609280,94.0,321.0,341.0,102.0,74.0,17.0,1.0,10.0,36.0,44.0,17.0,1.0,49.0,1.0,2.0,0.0,8.0,1.0,0.0,0.318,0.269,0.47,0.394
Jonathan Aranda,TBR,666018,106.0,370.0,422.0,117.0,81.0,22.0,0.0,14.0,56.0,59.0,41.0,3.0,107.0,8.0,3.0,0.0,9.0,0.0,2.0,0.316,0.3,0.489,0.529
Jacob Wilson,ATH,805779,125.0,486.0,523.0,151.0,112.0,26.0,0.0,13.0,62.0,63.0,27.0,1.0,39.0,7.0,1.0,2.0,16.0,5.0,2.0,0.311,0.281,0.444,0.367
George Springer,TOR,543807,140.0,498.0,586.0,154.0,94.0,27.0,1.0,32.0,106.0,84.0,69.0,3.0,111.0,8.0,4.0,0.0,14.0,18.0,1.0,0.309,0.303,0.56,0.592
Carlos Cortes,ATH,666126,42.0,94.0,99.0,29.0,16.0,8.0,1.0,4.0,11.0,14.0,3.0,0.0,20.0,0.0,2.0,0.0,3.0,0.0,0.0,0.309,0.28,0.543,0.462
Romy Gonzalez,BOS,663853,96.0,315.0,341.0,96.0,61.0,23.0,3.0,9.0,47.0,53.0,18.0,1.0,81.0,3.0,5.0,0.0,8.0,6.0,5.0,0.305,0.29,0.483,0.501
Jeremy Pena,HOU,665161,125.0,493.0,543.0,150.0,101.0,30.0,2.0,17.0,68.0,62.0,35.0,2.0,93.0,12.0,2.0,1.0,9.0,20.0,2.0,0.304,0.28,0.477,0.448
Trea Turner,PHI,607208,141.0,589.0,639.0,179.0,126.0,31.0,7.0,15.0,94.0,69.0,43.0,1.0,107.0,5.0,2.0,0.0,11.0,36.0,7.0,0.304,0.278,0.457,0.416
Luke Keaschall,MIN,807712,49.0,182.0,207.0,55.0,37.0,14.0,0.0,4.0,25.0,28.0,19.0,0.0,29.0,5.0,1.0,0.0,4.0,14.0,3.0,0.302,0.27,0.445,0.386
Dominic Canzone,SEA,686527,82.0,243.0,268.0,73.0,51.0,11.0,0.0,11.0,30.0,32.0,20.0,0.0,59.0,3.0,2.0,0.0,6.0,3.0,1.0,0.3,0.302,0.481,0.537
Yandy Diaz,TBR,650490,150.0,583.0,651.0,175.0,120.0,29.0,1.0,25.0,79.0,83.0,57.0,4.0,92.0,6.0,5.0,0.0,12.0,3.0,1.0,0.3,0.297,0.482,0.474
Daylen Lile,WSN,695734,91.0,321.0,351.0,96.0,61.0,15.0,11.0,9.0,51.0,41.0,21.0,0.0,56.0,4.0,3.0,1.0,5.0,8.0,6.0,0.299,0.309,0.498,0.456
Nico Hoerner,CHC,663538,156.0,599.0,649.0,178.0,138.0,29.0,4.0,7.0,89.0,61.0,39.0,1.0,49.0,7.0,4.0,0.0,4.0,29.0,6.0,0.297,0.298,0.394,0.398
Nate Eaton,BOS,681987,41.0,81.0,90.0,24.0,19.0,4.0,0.0,1.0,16.0,4.0,6.0,0.0,19.0,1.0,1.0,1.0,1.0,9.0,2.0,0.296,0.251,0.383,0.379
Jake Mangum,TBR,663968,118.0,405.0,428.0,120.0,98.0,18.0,1.0,3.0,37.0,40.0,19.0,0.0,64.0,2.0,1.0,1.0,4.0,27.0,6.0,0.296,0.259,0.368,0.348
Will Smith,LAD,669257,110.0,362.0,436.0,107.0,69.0,20.0,1.0,17.0,64.0,61.0,64.0,1.0,89.0,5.0,5.0,0.0,7.0,2.0,3.0,0.296,0.28,0.497,0.506
Bobby Witt Jr.,KCR,677951,157.0,623.0,687.0,184.0,108.0,47.0,6.0,23.0,99.0,88.0,49.0,8.0,125.0,8.0,7.0,0.0,7.0,38.0,9.0,0.295,0.299,0.501,0.521
Freddie Freeman,LAD,518692,147.0,556.0,627.0,164.0,99.0,39.0,2.0,24.0,81.0,90.0,60.0,7.0,128.0,6.0,5.0,0.0,13.0,6.0,2.0,0.295,0.275,0.502,0.479
Chandler Simpson,TBR,802415,109.0,414.0,441.0,122.0,104.0,15.0,3.0,0.0,53.0,26.0,20.0,0.0,43.0,0.0,2.0,3.0,10.0,44.0,12.0,0.295,0.299,0.345,0.343
Josh Naylor,SEA,647304,147.0,543.0,604.0,160.0,110.0,29.0,1.0,20.0,81.0,92.0,48.0,4.0,83.0,4.0,5.0,0.0,17.0,30.0,2.0,0.295,0.277,0.462,0.439
Vladimir Guerrero Jr.,TOR,665489,156.0,589.0,680.0,172.0,115.0,34.0,0.0,23.0,96.0,84.0,81.0,8.0,94.0,6.0,4.0,0.0,17.0,6.0,3.0,0.292,0.315,0.467,0.521
Luis Arraez,SDP,650333,154.0,620.0,675.0,181.0,139.0,30.0,4.0,8.0,66.0,61.0,34.0,0.0,21.0,2.0,7.0,12.0,12.0,11.0,4.0,0.292,0.289,0.392,0.364
Jakob Marsee,MIA,805300,55.0,209.0,234.0,61.0,35.0,18.0,3.0,5.0,28.0,33.0,22.0,0.0,48.0,2.0,1.0,0.0,2.0,14.0,6.0,0.292,0.283,0.478,0.45
Roman Anthony,BOS,701350,71.0,257.0,303.0,75.0,48.0,18.0,1.0,8.0,48.0,32.0,40.0,0.0,84.0,5.0,1.0,0.0,2.0,4.0,1.0,0.292,0.268,0.463,0.499
Jake Meyers,HOU,676694,104.0,343.0,381.0,100.0,80.0,15.0,2.0,3.0,53.0,24.0,31.0,0.0,67.0,3.0,2.0,2.0,9.0,16.0,5.0,0.292,0.279,0.373,0.414
Nick Kurtz,ATH,701762,117.0,420.0,489.0,122.0,58.0,26.0,2.0,36.0,90.0,86.0,63.0,3.0,151.0,2.0,3.0,0.0,4.0,2.0,1.0,0.29,0.255,0.619,0.55
Ronald Acuna Jr.,ATL,660670,95.0,338.0,412.0,98.0,64.0,12.0,1.0,21.0,74.0,42.0,71.0,4.0,102.0,3.0,0.0,0.0,5.0,9.0,1.0,0.29,0.274,0.518,0.552
Geraldo Perdomo,ARI,672695,161.0,597.0,720.0,173.0,115.0,33.0,5.0,20.0,98.0,100.0,94.0,1.0,83.0,10.0,11.0,8.0,11.0,27.0,6.0,0.29,0.285,0.462,0.432
Alec Burleson,STL,676475,139.0,497.0,546.0,144.0,98.0,26.0,2.0,18.0,54.0,69.0,39.0,1.0,79.0,3.0,4.0,1.0,14.0,5.0,1.0,0.29,0.28,0.459,0.478
Tyler Heineman,TOR,623168,64.0,149.0,174.0,43.0,31.0,8.0,1.0,3.0,25.0,20.0,12.0,0.0,31.0,6.0,2.0,5.0,1.0,2.0,0.0,0.289,0.221,0.416,0.299
Kyle Stowers,MIA,669065,117.0,399.0,457.0,115.0,66.0,21.0,3.0,25.0,61.0,73.0,48.0,3.0,125.0,5.0,4.0,1.0,6.0,5.0,1.0,0.288,0.278,0.544,0.553
Sal Frelick,MIL,686217,142.0,528.0,594.0,152.0,117.0,20.0,3.0,12.0,76.0,63.0,47.0,0.0,80.0,7.0,5.0,3.0,4.0,19.0,6.0,0.288,0.263,0.405,0.351
Brice Turang,MIL,668930,156.0,584.0,659.0,168.0,120.0,28.0,2.0,18.0,97.0,81.0,66.0,1.0,150.0,2.0,5.0,2.0,3.0,24.0,8.0,0.288,0.268,0.435,0.441
Brendan Donovan,STL,680977,118.0,460.0,515.0,132.0,90.0,32.0,0.0,10.0,64.0,50.0,42.0,3.0,67.0,7.0,4.0,2.0,4.0,3.0,3.0,0.287,0.292,0.422,0.462
Jahmai Jones,DET,663330,72.0,129.0,150.0,37.0,18.0,11.0,1.0,7.0,21.0,23.0,18.0,1.0,32.0,3.0,0.0,0.0,3.0,2.0,0.0,0.287,0.3,0.55,0.56
Alec Bohm,PHI,664761,120.0,464.0,504.0,133.0,101.0,18.0,3.0,11.0,53.0,59.0,29.0,0.0,82.0,5.0,6.0,0.0,16.0,2.0,0.0,0.287,0.284,0.409,0.426
Maikel Garcia,KCR,672580,160.0,595.0,666.0,170.0,110.0,39.0,5.0,16.0,81.0,74.0,62.0,0.0,84.0,1.0,5.0,3.0,14.0,23.0,9.0,0.286,0.287,0.449,0.437
Gabriel Moreno,ARI,672515,83.0,277.0,309.0,79.0,57.0,12.0,1.0,9.0,44.0,40.0,29.0,3.0,53.0,1.0,2.0,0.0,6.0,2.0,2.0,0.285,0.289,0.433,0.464
Dominic Smith,SFG,642086,63.0,204.0,225.0,58.0,41.0,12.0,0.0,5.0,26.0,33.0,15.0,0.0,42.0,2.0,4.0,0.0,5.0,2.0,0.0,0.284,0.259,0.417,0.406
Ivan Herrera,STL,671056,107.0,388.0,452.0,110.0,78.0,13.0,0.0,19.0,54.0,66.0,43.0,1.0,84.0,15.0,4.0,0.0,20.0,8.0,2.0,0.284,0.285,0.464,0.505
Xavier Edwards,MIA,669364,139.0,561.0,619.0,159.0,131.0,20.0,5.0,3.0,75.0,43.0,49.0,2.0,88.0,3.0,3.0,3.0,6.0,27.0,7.0,0.283,0.265,0.353,0.334
Ketel Marte,ARI,606466,126.0,480.0,556.0,136.0,80.0,28.0,0.0,28.0,87.0,72.0,64.0,6.0,83.0,9.0,3.0,0.0,12.0,4.0,2.0,0.283,0.298,0.517,0.548
Jose Ramirez,CLE,608070,158.0,593.0,673.0,168.0,101.0,34.0,3.0,30.0,103.0,85.0,66.0,22.0,74.0,8.0,5.0,0.0,9.0,44.0,7.0,0.283,0.294,0.503,0.46
Austin Martin,MIN,668885,50.0,156.0,181.0,44.0,34.0,8.0,1.0,1.0,22.0,7.0,22.0,0.0,31.0,1.0,0.0,2.0,6.0,11.0,4.0,0.282,0.284,0.365,0.405
Alejandro Kirk,TOR,672386,130.0,451.0,506.0,127.0,94.0,18.0,0.0,15.0,45.0,76.0,48.0,2.0,59.0,1.0,6.0,0.0,16.0,1.0,0.0,0.282,0.29,0.421,0.491
Shohei Ohtani,LAD,660271,158.0,611.0,727.0,172.0,83.0,25.0,9.0,55.0,146.0,102.0,109.0,20.0,187.0,3.0,2.0,0.0,9.0,20.0,6.0,0.282,0.288,0.622,0.672
Miguel Amaya,CHC,665804,28.0,96.0,103.0,27.0,14.0,9.0,0.0,4.0,14.0,25.0,4.0,0.0,22.0,1.0,1.0,1.0,0.0,0.0,0.0,0.281,0.254,0.5,0.415
Ramon Laureano,SDP,657656,132.0,441.0,488.0,124.0,72.0,26.0,2.0,24.0,72.0,76.0,35.0,1.0,119.0,8.0,4.0,0.0,10.0,7.0,4.0,0.281,0.282,0.512,0.531
Tyler Freeman,COL,671289,110.0,377.0,428.0,106.0,82.0,20.0,2.0,2.0,50.0,31.0,34.0,0.0,51.0,11.0,4.0,2.0,10.0,18.0,9.0,0.281,0.28,0.361,0.368
Ryan O'Hearn,SDP,656811,144.0,474.0,544.0,133.0,94.0,21.0,1.0,17.0,67.0,63.0,58.0,4.0,109.0,8.0,4.0,0.0,11.0,3.0,1.0,0.281,0.278,0.437,0.441
Brandon Marsh,PHI,669016,133.0,379.0,425.0,106.0,68.0,25.0,2.0,11.0,59.0,43.0,38.0,1.0,110.0,0.0,4.0,3.0,2.0,7.0,1.0,0.28,0.277,0.443,0.451
Hyeseong Kim,LAD,808975,71.0,161.0,170.0,45.0,35.0,6.0,1.0,3.0,19.0,17.0,7.0,0.0,52.0,1.0,0.0,1.0,0.0,13.0,1.0,0.28,0.229,0.385,0.324
Dillon Dingler,DET,693307,126.0,435.0,469.0,121.0,85.0,21.0,2.0,13.0,54.0,57.0,23.0,2.0,110.0,9.0,1.0,0.0,5.0,0.0,0.0,0.278,0.301,0.425,0.487
Hunter Goodman,COL,696100,144.0,540.0,579.0,150.0,86.0,28.0,5.0,31.0,73.0,91.0,33.0,0.0,152.0,4.0,2.0,0.0,16.0,1.0,2.0,0.278,0.254,0.52,0.476
Ernie Clement,TOR,676391,157.0,545.0,588.0,151.0,105.0,35.0,2.0,9.0,83.0,50.0,27.0,1.0,61.0,4.0,5.0,7.0,13.0,6.0,5.0,0.277,0.264,0.398,0.364
Harrison Bader,PHI,664056,146.0,448.0,501.0,124.0,82.0,24.0,1.0,17.0,61.0,54.0,39.0,0.0,136.0,11.0,3.0,0.0,5.0,11.0,7.0,0.277,0.229,0.449,0.383
Troy Johnston,MIA,687859,44.0,112.0,121.0,31.0,24.0,2.0,1.0,4.0,12.0,13.0,8.0,0.0,26.0,1.0,0.0,0.0,1.0,2.0,2.0,0.277,0.286,0.42,0.487
Shea Langeliers,ATH,669127,123.0,481.0,523.0,133.0,70.0,32.0,0.0,31.0,73.0,72.0,36.0,1.0,103.0,1.0,5.0,0.0,10.0,7.0,1.0,0.277,0.263,0.536,0.477
Jeremiah Jackson,BAL,669236,48.0,170.0,183.0,47.0,30.0,10.0,2.0,5.0,20.0,21.0,11.0,0.0,50.0,2.0,0.0,0.0,6.0,0.0,2.0,0.276,0.23,0.447,0.399
Tyler Soderstrom,ATH,691016,158.0,561.0,624.0,155.0,95.0,34.0,1.0,25.0,75.0,93.0,55.0,2.0,141.0,6.0,2.0,0.0,18.0,8.0,3.0,0.276,0.272,0.474,0.471
Amed Rosario,NYY,642708,63.0,181.0,191.0,50.0,33.0,11.0,0.0,6.0,20.0,23.0,7.0,0.0,31.0,2.0,1.0,0.0,6.0,1.0,0.0,0.276,0.298,0.436,0.458
Edmundo Sosa,PHI,624641,89.0,243.0,261.0,67.0,43.0,12.0,1.0,11.0,30.0,39.0,10.0,0.0,56.0,2.0,2.0,3.0,7.0,1.0,1.0,0.276,0.257,0.469,0.406
Carlos Correa,HOU,621043,144.0,537.0,584.0,148.0,106.0,29.0,0.0,13.0,63.0,52.0,45.0,0.0,113.0,1.0,1.0,0.0,19.0,0.0,0.0,0.276,0.287,0.402,0.449
Manny Machado,SDP,592518,159.0,615.0,678.0,169.0,109.0,33.0,0.0,27.0,91.0,95.0,55.0,4.0,131.0,3.0,5.0,0.0,16.0,14.0,3.0,0.275,0.282,0.46,0.511
Drake Baldwin,ATL,686948,124.0,405.0,446.0,111.0,72.0,18.0,2.0,19.0,56.0,80.0,38.0,0.0,68.0,3.0,0.0,0.0,9.0,0.0,0.0,0.274,0.282,0.469,0.493
Paul Goldschmidt,NYY,502671,146.0,489.0,534.0,134.0,92.0,31.0,1.0,10.0,76.0,45.0,36.0,5.0,100.0,4.0,2.0,0.0,8.0,5.0,1.0,0.274,0.273,0.403,0.455
Brett Harris,ATH,695391,32.0,73.0,84.0,20.0,15.0,5.0,0.0,0.0,11.0,5.0,7.0,0.0,21.0,2.0,1.0,1.0,1.0,1.0,0.0,0.274,0.239,0.342,0.312
Gunnar Henderson,BAL,683002,154.0,577.0,651.0,158.0,102.0,34.0,5.0,17.0,85.0,68.0,62.0,6.0,137.0,7.0,5.0,0.0,7.0,30.0,5.0,0.274,0.285,0.438,0.433
Giancarlo Stanton,NYY,519317,77.0,249.0,281.0,68.0,36.0,8.0,0.0,24.0,36.0,66.0,29.0,3.0,96.0,1.0,1.0,0.0,5.0,0.0,0.0,0.273,0.246,0.594,0.537
Yordan Alvarez,HOU,670541,48.0,165.0,199.0,45.0,31.0,8.0,0.0,6.0,17.0,27.0,28.0,5.0,33.0,0.0,6.0,0.0,1.0,1.0,1.0,0.273,0.295,0.43,0.558
Kyle Teel,CHW,691019,78.0,253.0,297.0,69.0,50.0,11.0,0.0,8.0,38.0,35.0,37.0,0.0,77.0,5.0,1.0,1.0,1.0,3.0,1.0,0.273,0.246,0.411,0.43
Alex Bregman,BOS,608324,114.0,433.0,495.0,118.0,72.0,28.0,0.0,18.0,64.0,62.0,51.0,3.0,70.0,9.0,2.0,0.0,12.0,1.0,1.0,0.273,0.263,0.462,0.44
Matt Olson,ATL,621566,162.0,624.0,724.0,170.0,98.0,41.0,2.0,29.0,98.0,95.0,91.0,2.0,176.0,4.0,5.0,0.0,14.0,1.0,0.0,0.272,0.262,0.484,0.506
Pete Alonso,NYM,624413,162.0,624.0,709.0,170.0,90.0,41.0,1.0,38.0,87.0,126.0,61.0,5.0,162.0,15.0,9.0,0.0,23.0,1.0,2.0,0.272,0.288,0.524,0.592
Cody Bellinger,NYY,641355,152.0,588.0,656.0,160.0,101.0,25.0,5.0,29.0,89.0,98.0,57.0,1.0,90.0,2.0,9.0,0.0,8.0,13.0,2.0,0.272,0.261,0.48,0.436
Steven Kwan,CLE,680757,156.0,625.0,693.0,170.0,129.0,29.0,1.0,11.0,81.0,56.0,55.0,2.0,60.0,3.0,7.0,3.0,3.0,21.0,5.0,0.272,0.279,0.374,0.371
Spencer Horwitz,PIT,687462,108.0,364.0,411.0,99.0,62.0,26.0,0.0,11.0,55.0,51.0,44.0,1.0,73.0,2.0,1.0,0.0,7.0,0.0,1.0,0.272,0.259,0.434,0.414
Andy Pages,LAD,681624,156.0,581.0,624.0,158.0,103.0,27.0,1.0,27.0,74.0,86.0,29.0,0.0,135.0,8.0,6.0,0.0,9.0,14.0,7.0,0.272,0.266,0.461,0.443
Corey Seager,TEX,608369,102.0,380.0,445.0,103.0,63.0,19.0,0.0,21.0,61.0,50.0,58.0,10.0,87.0,5.0,2.0,0.0,13.0,3.0,0.0,0.271,0.298,0.487,0.591
Andruw Monasterio,MIL,655316,68.0,126.0,135.0,34.0,21.0,9.0,0.0,4.0,19.0,16.0,7.0,0.0,32.0,2.0,0.0,0.0,1.0,2.0,1.0,0.27,0.236,0.437,0.388
Starling Marte,NYM,516782,98.0,293.0,329.0,79.0,56.0,14.0,0.0,9.0,37.0,34.0,22.0,0.0,68.0,9.0,4.0,1.0,7.0,7.0,2.0,0.27,0.257,0.41,0.406
Mickey Moniak,COL,666160,135.0,434.0,461.0,117.0,65.0,20.0,8.0,24.0,62.0,68.0,22.0,1.0,110.0,2.0,3.0,0.0,4.0,9.0,3.0,0.27,0.277,0.518,0.519
Jackson Chourio,MIL,694192,131.0,549.0,589.0,148.0,88.0,35.0,4.0,21.0,88.0,78.0,30.0,1.0,121.0,3.0,6.0,1.0,13.0,21.0,7.0,0.27,0.26,0.463,0.442
Ildemaro Vargas,ARI,545121,38.0,115.0,121.0,31.0,25.0,2.0,1.0,3.0,12.0,19.0,2.0,0.0,15.0,2.0,1.0,1.0,3.0,0.0,0.0,0.27,0.265,0.383,0.386
Rob Refsnyder,BOS,608701,70.0,182.0,209.0,49.0,28.0,12.0,0.0,9.0,29.0,30.0,24.0,1.0,54.0,1.0,2.0,0.0,6.0,3.0,0.0,0.269,0.252,0.484,0.47
Gavin Lux,CIN,666158,140.0,446.0,503.0,120.0,85.0,28.0,2.0,5.0,49.0,53.0,56.0,0.0,114.0,0.0,1.0,0.0,3.0,1.0,0.0,0.269,0.248,0.374,0.34
Edgar Quero,CHW,700337,111.0,365.0,403.0,98.0,76.0,17.0,0.0,5.0,31.0,36.0,32.0,0.0,71.0,4.0,2.0,0.0,8.0,0.0,1.0,0.268,0.243,0.356,0.353
Fernando Tatis Jr.,SDP,665487,155.0,594.0,691.0,159.0,105.0,27.0,2.0,25.0,111.0,71.0,89.0,7.0,129.0,6.0,2.0,0.0,6.0,32.0,7.0,0.268,0.283,0.446,0.506
Adam Frazier,KCR,624428,134.0,419.0,459.0,112.0,85.0,20.0,0.0,7.0,43.0,44.0,26.0,2.0,81.0,8.0,5.0,1.0,8.0,8.0,6.0,0.267,0.249,0.365,0.335
Francisco Lindor,NYM,596019,160.0,644.0,732.0,172.0,106.0,35.0,0.0,31.0,117.0,86.0,65.0,2.0,131.0,16.0,7.0,0.0,9.0,31.0,6.0,0.267,0.269,0.466,0.469
Julio Rodriguez,SEA,677594,160.0,652.0,710.0,174.0,107.0,31.0,4.0,32.0,106.0,95.0,44.0,5.0,152.0,12.0,2.0,0.0,15.0,30.0,6.0,0.267,0.284,0.474,0.495
Alex Call,LAD,669743,110.0,270.0,322.0,72.0,52.0,13.0,2.0,5.0,43.0,31.0,36.0,0.0,55.0,6.0,4.0,6.0,6.0,2.0,1.0,0.267,0.248,0.385,0.369
Jung Hoo Lee,SFG,808982,150.0,560.0,617.0,149.0,98.0,31.0,12.0,8.0,73.0,55.0,47.0,0.0,71.0,6.0,4.0,0.0,2.0,10.0,3.0,0.266,0.283,0.407,0.391
Ryan Jeffers,MIN,680777,119.0,406.0,464.0,108.0,73.0,26.0,0.0,9.0,47.0,47.0,50.0,1.0,91.0,7.0,1.0,0.0,9.0,1.0,1.0,0.266,0.253,0.397,0.409
Kyle Tucker,CHC,663656,136.0,500.0,597.0,133.0,82.0,25.0,4.0,22.0,91.0,73.0,87.0,7.0,88.0,4.0,3.0,1.0,8.0,25.0,3.0,0.266,0.282,0.464,0.5
Masataka Yoshida,BOS,807799,55.0,188.0,205.0,50.0,35.0,11.0,0.0,4.0,16.0,26.0,10.0,0.0,24.0,3.0,4.0,0.0,3.0,3.0,0.0,0.266,0.28,0.388,0.404
Austin Hays,CIN,669720,103.0,380.0,416.0,101.0,65.0,16.0,5.0,15.0,60.0,64.0,29.0,2.0,107.0,1.0,6.0,0.0,9.0,7.0,0.0,0.266,0.244,0.453,0.419
Heriberto Hernandez,MIA,681715,87.0,256.0,294.0,68.0,45.0,12.0,1.0,10.0,40.0,45.0,31.0,0.0,77.0,3.0,4.0,0.0,6.0,1.0,1.0,0.266,0.252,0.438,0.442
Jorge Polanco,SEA,593871,138.0,471.0,524.0,125.0,69.0,30.0,0.0,26.0,64.0,78.0,42.0,1.0,82.0,3.0,5.0,3.0,7.0,6.0,3.0,0.265,0.276,0.495,0.472
Jose Altuve,HOU,514888,155.0,588.0,654.0,156.0,105.0,24.0,1.0,26.0,80.0,77.0,55.0,5.0,109.0,4.0,6.0,1.0,20.0,10.0,6.0,0.265,0.245,0.442,0.394
Jordan Westburg,BAL,676059,85.0,328.0,352.0,87.0,59.0,10.0,1.0,17.0,59.0,41.0,17.0,0.0,80.0,6.0,1.0,0.0,5.0,1.0,2.0,0.265,0.262,0.457,0.468
J.P. Crawford,SEA,641487,157.0,570.0,654.0,151.0,115.0,24.0,0.0,12.0,69.0,58.0,74.0,1.0,122.0,3.0,1.0,6.0,11.0,8.0,1.0,0.265,0.273,0.37,0.396
Lenyn Sosa,CHW,672820,140.0,518.0,544.0,137.0,94.0,20.0,1.0,22.0,57.0,75.0,18.0,0.0,127.0,4.0,3.0,1.0,11.0,2.0,1.0,0.264,0.275,0.434,0.484
Christian Koss,SFG,683766,76.0,174.0,191.0,46.0,34.0,9.0,0.0,3.0,25.0,23.0,9.0,0.0,45.0,3.0,2.0,3.0,4.0,4.0,1.0,0.264,0.271,0.368,0.415
Byron Buxton,MIN,621439,126.0,488.0,542.0,129.0,66.0,21.0,7.0,35.0,97.0,83.0,41.0,5.0,148.0,7.0,6.0,0.0,0.0,24.0,0.0,0.264,0.259,0.551,0.534
Nolan Schanuel,LAA,694384,132.0,488.0,564.0,129.0,93.0,23.0,1.0,12.0,64.0,53.0,59.0,4.0,71.0,10.0,4.0,3.0,10.0,5.0,1.0,0.264,0.27,0.389,0.398
Junior Caminero,TBR,691406,154.0,602.0,653.0,159.0,86.0,28.0,0.0,45.0,93.0,110.0,41.0,1.0,125.0,3.0,7.0,0.0,31.0,7.0,1.0,0.264,0.269,0.535,0.52
Vinnie Pasquantino,KCR,686469,160.0,621.0,682.0,164.0,98.0,33.0,1.0,32.0,72.0,113.0,49.0,5.0,107.0,7.0,5.0,0.0,14.0,1.0,0.0,0.264,0.271,0.475,0.479
Elly De La Cruz,CIN,682829,162.0,629.0,699.0,166.0,106.0,31.0,7.0,22.0,102.0,86.0,67.0,10.0,181.0,2.0,1.0,0.0,14.0,37.0,8.0,0.264,0.26,0.44,0.436
Jackson Merrill,SDP,701538,115.0,440.0,483.0,116.0,69.0,25.0,6.0,16.0,59.0,67.0,33.0,1.0,108.0,4.0,5.0,1.0,4.0,1.0,2.0,0.264,0.279,0.457,0.515
Christian Yelich,MIL,592885,150.0,573.0,644.0,151.0,101.0,21.0,0.0,29.0,88.0,103.0,64.0,6.0,167.0,6.0,1.0,0.0,6.0,16.0,6.0,0.264,0.255,0.452,0.459
Isaac Collins,MIL,686555,130.0,372.0,441.0,98.0,64.0,22.0,3.0,9.0,56.0,54.0,57.0,0.0,93.0,6.0,3.0,3.0,8.0,16.0,7.0,0.263,0.251,0.411,0.36
Juan Soto,NYM,665742,160.0,577.0,715.0,152.0,88.0,20.0,1.0,43.0,120.0,105.0,127.0,13.0,137.0,3.0,6.0,1.0,17.0,38.0,4.0,0.263,0.3,0.525,0.628
Trevor Story,BOS,596115,157.0,612.0,654.0,161.0,107.0,29.0,0.0,25.0,91.0,96.0,33.0,1.0,176.0,7.0,1.0,1.0,3.0,31.0,1.0,0.263,0.256,0.433,0.428
Xander Bogaerts,SDP,593428,136.0,491.0,552.0,129.0,88.0,30.0,0.0,11.0,63.0,53.0,48.0,3.0,94.0,4.0,8.0,1.0,12.0,20.0,2.0,0.263,0.277,0.391,0.425
Mike Tauchman,CHW,643565,93.0,335.0,385.0,88.0,61.0,17.0,1.0,9.0,44.0,40.0,45.0,0.0,86.0,4.0,1.0,0.0,5.0,0.0,0.0,0.263,0.25,0.4,0.385
Noelvi Marte,CIN,682622,90.0,339.0,360.0,89.0,56.0,17.0,2.0,14.0,45.0,51.0,16.0,0.0,85.0,3.0,2.0,0.0,7.0,10.0,3.0,0.263,0.254,0.448,0.432
Brandon Nimmo,NYM,607043,155.0,587.0,652.0,154.0,102.0,27.0,0.0,25.0,81.0,92.0,50.0,1.0,141.0,7.0,7.0,1.0,8.0,13.0,1.0,0.262,0.262,0.436,0.434
Isiah Kiner-Falefa,TOR,643396,138.0,431.0,459.0,113.0,88.0,21.0,2.0,2.0,45.0,40.0,17.0,0.0,77.0,5.0,1.0,5.0,9.0,15.0,4.0,0.262,0.249,0.334,0.311
Myles Straw,TOR,664702,137.0,267.0,299.0,70.0,51.0,14.0,1.0,4.0,51.0,32.0,19.0,0.0,50.0,1.0,1.0,11.0,5.0,12.0,1.0,0.262,0.258,0.367,0.375
Miguel Rojas,LAD,500743,114.0,290.0,317.0,76.0,51.0,18.0,0.0,7.0,35.0,27.0,24.0,1.0,46.0,0.0,0.0,3.0,7.0,5.0,0.0,0.262,0.255,0.397,0.366
Brent Rooker,ATH,667670,162.0,626.0,699.0,164.0,91.0,40.0,3.0,30.0,92.0,89.0,65.0,4.0,155.0,5.0,2.0,0.0,13.0,6.0,1.0,0.262,0.275,0.479,0.509
Bryce Harper,PHI,547180,132.0,501.0,580.0,131.0,72.0,32.0,0.0,27.0,72.0,75.0,70.0,6.0,121.0,6.0,3.0,0.0,5.0,12.0,2.0,0.261,0.28,0.487,0.512
Michael Busch,CHC,683737,155.0,524.0,592.0,137.0,73.0,25.0,5.0,34.0,78.0,90.0,56.0,2.0,139.0,10.0,2.0,0.0,2.0,4.0,0.0,0.261,0.275,0.523,0.569
TJ Friedl,CIN,670770,152.0,579.0,685.0,151.0,113.0,22.0,2.0,14.0,82.0,53.0,81.0,0.0,115.0,16.0,5.0,4.0,7.0,12.0,3.0,0.261,0.237,0.378,0.328
Nick Sogard,BOS,686765,30.0,96.0,104.0,25.0,17.0,8.0,0.0,0.0,13.0,9.0,5.0,0.0,24.0,3.0,0.0,0.0,3.0,2.0,1.0,0.26,0.26,0.344,0.384
James McCann,ARI,543510,42.0,123.0,137.0,32.0,21.0,6.0,0.0,5.0,18.0,17.0,8.0,0.0,33.0,4.0,1.0,1.0,3.0,0.0,0.0,0.26,0.248,0.431,0.428
Nick Gonzales,PIT,693304,96.0,381.0,408.0,99.0,73.0,18.0,3.0,5.0,39.0,30.0,21.0,0.0,73.0,2.0,4.0,0.0,12.0,0.0,2.0,0.26,0.264,0.362,0.379
William Contreras,MIL,661388,150.0,566.0,659.0,147.0,102.0,28.0,0.0,17.0,89.0,76.0,84.0,4.0,120.0,3.0,6.0,0.0,14.0,6.0,4.0,0.26,0.264,0.399,0.409
Corbin Carroll,ARI,682998,143.0,564.0,642.0,146.0,66.0,32.0,17.0,31.0,107.0,84.0,67.0,4.0,153.0,7.0,4.0,0.0,6.0,32.0,6.0,0.259,0.274,0.541,0.545
Zach McKinstry,DET,656716,144.0,452.0,511.0,117.0,71.0,23.0,11.0,12.0,68.0,49.0,46.0,1.0,111.0,7.0,5.0,1.0,6.0,19.0,5.0,0.259,0.252,0.438,0.361
Victor Caratini,HOU,605170,114.0,344.0,386.0,89.0,63.0,14.0,0.0,12.0,35.0,46.0,23.0,0.0,65.0,13.0,6.0,0.0,8.0,1.0,0.0,0.259,0.262,0.404,0.43
Riley Greene,DET,682985,157.0,600.0,655.0,155.0,87.0,31.0,1.0,36.0,84.0,111.0,46.0,1.0,201.0,4.0,5.0,0.0,14.0,2.0,1.0,0.258,0.25,0.493,0.516
Thomas Saggese,STL,695336,82.0,275.0,295.0,71.0,52.0,17.0,0.0,2.0,25.0,25.0,16.0,0.0,83.0,1.0,2.0,1.0,5.0,3.0,0.0,0.258,0.246,0.342,0.359
Mookie Betts,LAD,605141,150.0,589.0,663.0,152.0,107.0,23.0,2.0,20.0,95.0,82.0,61.0,2.0,68.0,3.0,10.0,0.0,15.0,8.0,2.0,0.258,0.276,0.406,0.435
Jordan Beck,COL,687597,148.0,539.0,588.0,139.0,91.0,27.0,5.0,16.0,62.0,53.0,43.0,0.0,174.0,4.0,1.0,0.0,9.0,19.0,8.0,0.258,0.241,0.416,0.405
Jasson Dominguez,NYY,691176,123.0,381.0,429.0,98.0,69.0,18.0,1.0,10.0,58.0,47.0,41.0,1.0,115.0,3.0,4.0,0.0,5.0,23.0,5.0,0.257,0.242,0.388,0.377
Willson Contreras,STL,575929,135.0,490.0,563.0,126.0,74.0,31.0,1.0,20.0,70.0,80.0,44.0,1.0,142.0,23.0,4.0,1.0,15.0,5.0,1.0,0.257,0.268,0.447,0.506
J.T. Realmuto,PHI,592663,134.0,502.0,550.0,129.0,90.0,26.0,1.0,12.0,57.0,52.0,35.0,1.0,129.0,9.0,3.0,0.0,13.0,8.0,2.0,0.257,0.261,0.384,0.422
Zach Neto,LAA,687263,128.0,502.0,554.0,129.0,73.0,29.0,1.0,26.0,82.0,62.0,33.0,6.0,149.0,14.0,3.0,2.0,5.0,26.0,9.0,0.257,0.261,0.474,0.51
CJ Abrams,WSN,682928,144.0,580.0,635.0,149.0,90.0,35.0,5.0,19.0,92.0,60.0,37.0,1.0,125.0,14.0,3.0,1.0,5.0,31.0,3.0,0.257,0.256,0.433,0.415
Javier Baez,DET,595879,126.0,417.0,437.0,107.0,75.0,17.0,3.0,12.0,55.0,57.0,10.0,0.0,109.0,6.0,3.0,0.0,8.0,5.0,1.0,0.257,0.236,0.398,0.369
Bryson Stott,PHI,681082,147.0,499.0,560.0,128.0,90.0,22.0,3.0,13.0,66.0,66.0,54.0,1.0,91.0,1.0,4.0,2.0,4.0,24.0,5.0,0.257,0.252,0.391,0.4
Yainer Diaz,HOU,673237,143.0,542.0,567.0,139.0,93.0,25.0,1.0,20.0,56.0,70.0,20.0,2.0,95.0,2.0,3.0,0.0,13.0,1.0,1.0,0.256,0.279,0.417,0.488
Heliot Ramos,SFG,671218,157.0,620.0,695.0,159.0,113.0,24.0,1.0,21.0,85.0,69.0,52.0,2.0,158.0,17.0,6.0,0.0,16.0,6.0,4.0,0.256,0.254,0.4,0.43
Jarren Duran,BOS,680776,157.0,620.0,696.0,159.0,89.0,41.0,13.0,16.0,86.0,84.0,60.0,1.0,169.0,12.0,3.0,1.0,6.0,24.0,6.0,0.256,0.258,0.442,0.42
Brandon Lowe,TBR,664040,134.0,507.0,553.0,130.0,80.0,19.0,0.0,31.0,79.0,83.0,38.0,1.0,149.0,2.0,6.0,0.0,6.0,3.0,2.0,0.256,0.264,0.477,0.499
Caleb Durbin,MIL,702332,136.0,445.0,506.0,114.0,78.0,25.0,0.0,11.0,60.0,53.0,30.0,0.0,50.0,24.0,4.0,3.0,10.0,18.0,6.0,0.256,0.26,0.387,0.369
Francisco Alvarez,NYM,682626,76.0,246.0,277.0,63.0,39.0,12.0,1.0,11.0,32.0,32.0,27.0,0.0,73.0,4.0,0.0,0.0,6.0,0.0,0.0,0.256,0.237,0.447,0.444
Colt Keith,DET,690993,137.0,414.0,468.0,106.0,69.0,22.0,2.0,13.0,65.0,45.0,48.0,1.0,102.0,2.0,4.0,0.0,7.0,1.0,1.0,0.256,0.267,0.413,0.457
James Wood,WSN,695578,157.0,598.0,689.0,153.0,84.0,38.0,0.0,31.0,87.0,94.0,85.0,8.0,221.0,3.0,3.0,0.0,12.0,15.0,7.0,0.256,0.269,0.475,0.504
Gleyber Torres,DET,650402,145.0,532.0,628.0,136.0,98.0,22.0,0.0,16.0,79.0,74.0,85.0,0.0,101.0,4.0,7.0,0.0,11.0,4.0,1.0,0.256,0.278,0.387,0.473
Kyle Isbel,KCR,664728,135.0,368.0,409.0,94.0,70.0,16.0,4.0,4.0,42.0,33.0,23.0,0.0,74.0,2.0,3.0,13.0,7.0,4.0,5.0,0.255,0.23,0.353,0.3
Nathan Lukes,TOR,664770,135.0,388.0,438.0,99.0,66.0,19.0,2.0,12.0,55.0,65.0,38.0,2.0,60.0,2.0,3.0,7.0,12.0,2.0,4.0,0.255,0.264,0.407,0.397
Ben Rice,NYY,700250,138.0,467.0,530.0,119.0,61.0,28.0,4.0,26.0,74.0,65.0,50.0,0.0,100.0,9.0,2.0,0.0,18.0,3.0,2.0,0.255,0.299,0.499,0.581
Brett Baty,NYM,683146,130.0,393.0,432.0,100.0,67.0,13.0,2.0,18.0,53.0,50.0,33.0,0.0,108.0,2.0,3.0,0.0,6.0,8.0,0.0,0.254,0.263,0.435,0.472
Isaac Paredes,HOU,670623,102.0,378.0,438.0,96.0,60.0,15.0,1.0,20.0,53.0,53.0,50.0,0.0,76.0,8.0,2.0,0.0,10.0,0.0,1.0,0.254,0.241,0.458,0.392
Andrew Vaughn,MIL,683734,112.0,406.0,447.0,103.0,67.0,22.0,0.0,14.0,35.0,65.0,31.0,0.0,80.0,3.0,6.0,1.0,12.0,0.0,0.0,0.254,0.282,0.411,0.487
Chase Meidroth,CHW,805367,122.0,450.0,505.0,114.0,94.0,15.0,0.0,5.0,54.0,23.0,45.0,0.0,72.0,6.0,1.0,3.0,14.0,14.0,4.0,0.253,0.256,0.32,0.333
Griffin Conine,MIA,665052,24.0,79.0,86.0,20.0,11.0,7.0,0.0,2.0,13.0,8.0,7.0,0.0,25.0,0.0,0.0,0.0,0.0,0.0,1.0,0.253,0.242,0.418,0.404
Vidal Brujan,ATL,660644,61.0,87.0,95.0,22.0,17.0,5.0,0.0,0.0,14.0,8.0,6.0,0.0,21.0,1.0,1.0,0.0,1.0,2.0,1.0,0.253,0.226,0.31,0.316
Ezequiel Tovar,COL,678662,95.0,360.0,390.0,91.0,60.0,18.0,4.0,9.0,44.0,33.0,21.0,0.0,98.0,1.0,2.0,6.0,2.0,5.0,3.0,0.253,0.271,0.4,0.458
Masyn Winn,STL,691026,129.0,491.0,537.0,124.0,88.0,27.0,0.0,9.0,72.0,51.0,34.0,0.0,102.0,8.0,2.0,2.0,11.0,9.0,5.0,0.253,0.245,0.363,0.352
Rafael Devers,SFG,646240,163.0,607.0,729.0,153.0,85.0,33.0,0.0,35.0,99.0,109.0,112.0,10.0,192.0,6.0,4.0,0.0,16.0,1.0,1.0,0.252,0.256,0.479,0.504
Luis Garcia Jr.,WSN,671277,139.0,488.0,526.0,123.0,78.0,28.0,1.0,16.0,67.0,66.0,27.0,1.0,84.0,2.0,9.0,0.0,7.0,14.0,5.0,0.252,0.291,0.412,0.481
Gavin Sheets,SDP,657757,145.0,492.0,545.0,124.0,76.0,28.0,1.0,19.0,57.0,71.0,44.0,1.0,107.0,5.0,4.0,0.0,9.0,2.0,1.0,0.252,0.272,0.429,0.463
Warming Bernabel,COL,682653,40.0,139.0,146.0,35.0,22.0,8.0,1.0,4.0,15.0,14.0,7.0,0.0,25.0,0.0,0.0,0.0,2.0,1.0,1.0,0.252,0.256,0.41,0.345
Kerry Carpenter,DET,681481,130.0,433.0,464.0,109.0,60.0,18.0,5.0,26.0,66.0,62.0,18.0,0.0,106.0,7.0,2.0,0.0,3.0,1.0,1.0,0.252,0.263,0.497,0.512
Josh Jung,TEX,673962,131.0,482.0,511.0,121.0,83.0,23.0,1.0,14.0,53.0,61.0,27.0,0.0,129.0,2.0,0.0,0.0,10.0,4.0,1.0,0.251,0.254,0.39,0.423
Connor Norby,MIA,681393,88.0,311.0,337.0,78.0,52.0,17.0,1.0,8.0,42.0,34.0,18.0,0.0,90.0,5.0,3.0,0.0,3.0,8.0,2.0,0.251,0.25,0.389,0.431
Freddy Fermin,SDP,666023,109.0,319.0,347.0,80.0,62.0,13.0,0.0,5.0,32.0,26.0,19.0,1.0,65.0,2.0,0.0,7.0,5.0,1.0,2.0,0.251,0.239,0.339,0.346
Josh Smith,TEX,669701,144.0,495.0,563.0,124.0,89.0,23.0,2.0,10.0,70.0,35.0,55.0,2.0,100.0,8.0,1.0,3.0,3.0,12.0,3.0,0.251,0.257,0.366,0.38
Trevor Larnach,MIN,663616,142.0,503.0,567.0,126.0,84.0,24.0,1.0,17.0,62.0,60.0,53.0,2.0,122.0,4.0,6.0,0.0,19.0,4.0,4.0,0.25,0.253,0.404,0.407
Nick Castellanos,PHI,592206,147.0,547.0,589.0,137.0,91.0,27.0,2.0,17.0,72.0,72.0,32.0,0.0,133.0,4.0,6.0,0.0,13.0,4.0,0.0,0.25,0.251,0.4,0.419
Ryan Mountcastle,BAL,663624,89.0,332.0,357.0,83.0,58.0,18.0,0.0,7.0,34.0,35.0,15.0,0.0,98.0,4.0,6.0,0.0,10.0,3.0,0.0,0.25,0.266,0.367,0.445
Miles Mastrobuoni,SEA,670156,76.0,152.0,175.0,38.0,33.0,4.0,0.0,1.0,20.0,12.0,17.0,0.0,29.0,0.0,1.0,5.0,2.0,6.0,3.0,0.25,0.286,0.296,0.38
Eric Wagaman,MIA,676572,140.0,476.0,514.0,119.0,79.0,28.0,3.0,9.0,56.0,53.0,32.0,0.0,100.0,1.0,5.0,0.0,11.0,4.0,1.0,0.25,0.271,0.378,0.437
Alek Thomas,ARI,677950,143.0,433.0,469.0,108.0,77.0,19.0,3.0,9.0,51.0,38.0,21.0,0.0,122.0,5.0,4.0,6.0,2.0,7.0,4.0,0.249,0.25,0.37,0.381
Carson Kelly,CHC,608348,111.0,369.0,421.0,92.0,61.0,13.0,1.0,17.0,48.0,50.0,45.0,0.0,80.0,3.0,4.0,0.0,11.0,2.0,0.0,0.249,0.245,0.428,0.429
Joey Bart,PIT,663698,93.0,285.0,332.0,71.0,54.0,12.0,1.0,4.0,21.0,30.0,40.0,0.0,93.0,7.0,0.0,0.0,14.0,1.0,1.0,0.249,0.232,0.34,0.392
Ceddanne Rafaela,BOS,678882,156.0,546.0,587.0,136.0,82.0,34.0,4.0,16.0,84.0,63.0,28.0,0.0,117.0,8.0,2.0,3.0,9.0,20.0,5.0,0.249,0.252,0.414,0.426
Michael Harris II,ATL,671739,160.0,611.0,641.0,152.0,100.0,26.0,6.0,20.0,55.0,86.0,16.0,1.0,128.0,3.0,7.0,4.0,7.0,20.0,6.0,0.249,0.277,0.409,0.45
Lourdes Gurriel Jr.,ARI,666971,129.0,500.0,546.0,124.0,79.0,24.0,2.0,19.0,52.0,80.0,31.0,0.0,76.0,6.0,9.0,0.0,11.0,10.0,4.0,0.248,0.264,0.418,0.426
Keibert Ruiz,WSN,660688,68.0,255.0,267.0,63.0,49.0,12.0,0.0,2.0,19.0,25.0,8.0,0.0,26.0,3.0,1.0,0.0,4.0,0.0,2.0,0.247,0.274,0.318,0.351
Pete Crow-Armstrong,CHC,691718,157.0,591.0,647.0,146.0,74.0,37.0,4.0,31.0,91.0,95.0,29.0,1.0,155.0,9.0,12.0,6.0,1.0,35.0,8.0,0.247,0.255,0.481,0.496
Donovan Solano,TEX,456781,71.0,166.0,179.0,41.0,33.0,4.0,1.0,3.0,10.0,21.0,8.0,0.0,40.0,3.0,2.0,0.0,9.0,0.0,0.0,0.247,0.229,0.337,0.328
Liam Hicks,MIA,689414,119.0,332.0,390.0,82.0,62.0,13.0,1.0,6.0,37.0,45.0,43.0,0.0,56.0,9.0,3.0,3.0,5.0,2.0,0.0,0.247,0.249,0.346,0.353
Wilyer Abreu,BOS,677800,115.0,373.0,417.0,92.0,53.0,17.0,0.0,22.0,53.0,69.0,40.0,5.0,101.0,0.0,3.0,1.0,8.0,6.0,3.0,0.247,0.252,0.469,0.495
Cal Raleigh,SEA,663728,159.0,596.0,705.0,147.0,63.0,24.0,0.0,60.0,110.0,125.0,97.0,17.0,188.0,9.0,3.0,0.0,6.0,14.0,4.0,0.247,0.244,0.589,0.568
Teoscar Hernandez,LAD,606192,134.0,511.0,546.0,126.0,71.0,29.0,1.0,25.0,65.0,89.0,26.0,0.0,134.0,3.0,5.0,0.0,13.0,5.0,2.0,0.247,0.26,0.454,0.462
Otto Lopez,MIA,672640,143.0,544.0,594.0,134.0,98.0,21.0,0.0,15.0,66.0,77.0,44.0,2.0,82.0,3.0,3.0,0.0,9.0,15.0,6.0,0.246,0.279,0.368,0.447
Jake Cronenworth,SDP,630105,135.0,419.0,515.0,103.0,71.0,20.0,1.0,11.0,61.0,59.0,69.0,1.0,107.0,15.0,7.0,4.0,4.0,3.0,3.0,0.246,0.232,0.377,0.36
Bryan Reynolds,PIT,668804,154.0,587.0,654.0,144.0,87.0,38.0,3.0,16.0,68.0,73.0,57.0,1.0,173.0,7.0,3.0,0.0,15.0,3.0,2.0,0.245,0.271,0.402,0.466
Jurickson Profar,ATL,595777,80.0,318.0,371.0,78.0,47.0,16.0,1.0,14.0,56.0,43.0,48.0,0.0,59.0,5.0,0.0,0.0,4.0,9.0,2.0,0.245,0.239,0.434,0.401
Victor Robles,SEA,645302,32.0,106.0,114.0,26.0,20.0,4.0,1.0,1.0,12.0,9.0,3.0,0.0,26.0,3.0,2.0,0.0,3.0,6.0,2.0,0.245,0.209,0.33,0.297
Seiya Suzuki,CHC,673548,151.0,571.0,651.0,140.0,74.0,31.0,3.0,32.0,75.0,103.0,71.0,1.0,164.0,1.0,8.0,0.0,13.0,5.0,2.0,0.245,0.262,0.478,0.512
Tommy Pham,PIT,502054,120.0,392.0,449.0,96.0,68.0,17.0,1.0,10.0,44.0,52.0,50.0,3.0,94.0,2.0,5.0,0.0,12.0,5.0,3.0,0.245,0.258,0.37,0.41
Leo Rivas,SEA,660844,48.0,90.0,111.0,22.0,18.0,2.0,0.0,2.0,19.0,9.0,20.0,0.0,24.0,1.0,0.0,0.0,1.0,6.0,0.0,0.244,0.187,0.333,0.275
Michael Massey,KCR,686681,77.0,262.0,277.0,64.0,52.0,9.0,0.0,3.0,20.0,20.0,9.0,0.0,43.0,1.0,4.0,1.0,3.0,2.0,1.0,0.244,0.243,0.313,0.349
Wenceel Perez,DET,672761,100.0,344.0,383.0,84.0,50.0,17.0,4.0,13.0,47.0,43.0,31.0,0.0,87.0,3.0,5.0,0.0,5.0,8.0,3.0,0.244,0.251,0.43,0.409
Dansby Swanson,CHC,621020,159.0,590.0,645.0,144.0,93.0,24.0,3.0,24.0,84.0,77.0,47.0,1.0,168.0,2.0,5.0,1.0,9.0,20.0,3.0,0.244,0.276,0.417,0.497
Addison Barger,TOR,680718,135.0,460.0,502.0,112.0,58.0,32.0,1.0,21.0,61.0,74.0,36.0,4.0,121.0,3.0,2.0,0.0,8.0,4.0,1.0,0.243,0.268,0.454,0.477
Jose Tena,WSN,677588,50.0,152.0,169.0,37.0,22.0,13.0,2.0,0.0,19.0,16.0,15.0,0.0,37.0,1.0,1.0,0.0,4.0,3.0,1.0,0.243,0.255,0.355,0.37
Jeff McNeil,NYM,643446,122.0,399.0,462.0,97.0,59.0,21.0,5.0,12.0,42.0,54.0,49.0,4.0,55.0,8.0,4.0,2.0,5.0,3.0,0.0,0.243,0.272,0.411,0.401
Max Muncy,LAD,571970,100.0,313.0,388.0,76.0,45.0,10.0,2.0,19.0,48.0,67.0,64.0,2.0,83.0,6.0,5.0,0.0,4.0,4.0,0.0,0.243,0.251,0.47,0.522
Javier Sanoja,MIA,691594,120.0,313.0,342.0,76.0,44.0,22.0,4.0,6.0,40.0,38.0,19.0,0.0,41.0,2.0,4.0,4.0,2.0,6.0,5.0,0.243,0.257,0.396,0.346
Drew Waters,KCR,671221,71.0,206.0,219.0,50.0,40.0,6.0,3.0,1.0,21.0,14.0,11.0,0.0,60.0,2.0,0.0,0.0,2.0,5.0,3.0,0.243,0.236,0.316,0.323
Ian Happ,CHC,664023,150.0,569.0,663.0,138.0,83.0,32.0,0.0,23.0,87.0,79.0,87.0,2.0,151.0,2.0,5.0,0.0,8.0,6.0,3.0,0.243,0.267,0.42,0.472
Santiago Espinal,CIN,669289,114.0,301.0,328.0,73.0,61.0,12.0,0.0,0.0,25.0,16.0,21.0,0.0,38.0,1.0,2.0,3.0,11.0,2.0,1.0,0.243,0.233,0.282,0.296
Jazz Chisholm Jr.,NYY,665862,130.0,462.0,531.0,112.0,65.0,15.0,1.0,31.0,75.0,80.0,58.0,1.0,148.0,6.0,4.0,1.0,3.0,31.0,8.0,0.242,0.245,0.481,0.503
Jackson Holliday,BAL,702616,149.0,586.0,649.0,142.0,101.0,21.0,3.0,17.0,70.0,55.0,56.0,1.0,140.0,6.0,1.0,0.0,4.0,17.0,11.0,0.242,0.251,0.375,0.416
Adrian Del Castillo,ARI,680728,44.0,120.0,131.0,29.0,19.0,6.0,0.0,4.0,9.0,17.0,8.0,0.0,47.0,1.0,2.0,0.0,2.0,0.0,0.0,0.242,0.211,0.392,0.352
Ramon Urias,HOU,602104,112.0,352.0,391.0,85.0,57.0,17.0,0.0,11.0,33.0,44.0,27.0,0.0,88.0,2.0,10.0,0.0,6.0,3.0,0.0,0.241,0.238,0.384,0.388
Wyatt Langford,TEX,694671,134.0,489.0,573.0,118.0,70.0,25.0,1.0,22.0,73.0,62.0,74.0,3.0,151.0,5.0,5.0,0.0,9.0,22.0,6.0,0.241,0.247,0.431,0.456
Mauricio Dubon,HOU,643289,133.0,369.0,398.0,89.0,61.0,21.0,0.0,7.0,43.0,33.0,24.0,0.0,42.0,1.0,1.0,3.0,12.0,3.0,0.0,0.241,0.252,0.355,0.333
Wilmer Flores,SFG,527038,125.0,419.0,463.0,101.0,75.0,10.0,0.0,16.0,44.0,71.0,34.0,0.0,88.0,7.0,3.0,0.0,14.0,1.0,0.0,0.241,0.229,0.379,0.343
Kyle Higashioka,TEX,543309,94.0,303.0,327.0,73.0,47.0,14.0,1.0,11.0,33.0,47.0,20.0,0.0,72.0,2.0,2.0,0.0,5.0,3.0,1.0,0.241,0.244,0.403,0.407
Carlos Narvaez,BOS,665966,118.0,403.0,446.0,97.0,55.0,27.0,0.0,15.0,51.0,50.0,38.0,0.0,111.0,1.0,2.0,2.0,12.0,1.0,1.0,0.241,0.228,0.419,0.392
Ryan Ritter,COL,690022,60.0,187.0,207.0,45.0,32.0,9.0,3.0,1.0,22.0,18.0,10.0,0.0,61.0,5.0,1.0,4.0,7.0,3.0,1.0,0.241,0.212,0.337,0.275
Andrew Benintendi,CHW,643217,116.0,420.0,470.0,101.0,63.0,16.0,2.0,20.0,57.0,63.0,40.0,2.0,82.0,3.0,6.0,0.0,5.0,1.0,0.0,0.24,0.244,0.431,0.45
Ozzie Albies,ATL,645277,157.0,603.0,667.0,145.0,104.0,23.0,2.0,16.0,74.0,74.0,55.0,2.0,94.0,4.0,5.0,0.0,9.0,14.0,3.0,0.24,0.248,0.365,0.375
Kyle Schwarber,PHI,656941,162.0,604.0,724.0,145.0,64.0,23.0,2.0,56.0,111.0,132.0,108.0,6.0,197.0,11.0,1.0,0.0,4.0,10.0,2.0,0.24,0.263,0.563,0.601
Brooks Baldwin,CHW,681460,103.0,300.0,328.0,72.0,45.0,15.0,1.0,11.0,32.0,38.0,21.0,0.0,86.0,1.0,2.0,4.0,9.0,5.0,0.0,0.24,0.243,0.407,0.428
Spencer Torkelson,DET,679529,155.0,563.0,649.0,135.0,76.0,27.0,1.0,31.0,82.0,78.0,72.0,6.0,169.0,9.0,5.0,0.0,12.0,2.0,1.0,0.24,0.237,0.456,0.476
Colson Montgomery,CHW,695657,71.0,255.0,284.0,61.0,30.0,9.0,1.0,21.0,43.0,55.0,25.0,1.0,83.0,2.0,1.0,0.0,3.0,0.0,0.0,0.239,0.243,0.529,0.523
Andrew McCutchen,PIT,457705,135.0,477.0,551.0,114.0,79.0,22.0,0.0,13.0,51.0,57.0,67.0,5.0,118.0,2.0,3.0,0.0,12.0,1.0,1.0,0.239,0.267,0.367,0.429
Andy Ibanez,DET,628451,91.0,176.0,193.0,42.0,30.0,8.0,0.0,4.0,24.0,21.0,12.0,0.0,26.0,4.0,1.0,0.0,6.0,4.0,1.0,0.239,0.26,0.352,0.383
Matt Vierling,DET,663837,31.0,88.0,100.0,21.0,17.0,3.0,0.0,1.0,6.0,11.0,7.0,0.0,24.0,3.0,2.0,0.0,1.0,2.0,0.0,0.239,0.257,0.307,0.441
Randy Arozarena,SEA,668227,160.0,613.0,709.0,146.0,86.0,32.0,1.0,27.0,95.0,76.0,64.0,2.0,191.0,27.0,5.0,0.0,9.0,31.0,6.0,0.238,0.238,0.426,0.43
Daulton Varsho,TOR,662139,71.0,248.0,271.0,59.0,24.0,13.0,2.0,20.0,43.0,55.0,17.0,1.0,77.0,1.0,5.0,0.0,1.0,2.0,0.0,0.238,0.238,0.548,0.518
Spencer Steer,CIN,668715,146.0,509.0,568.0,121.0,77.0,21.0,2.0,21.0,66.0,75.0,51.0,0.0,129.0,5.0,2.0,1.0,12.0,7.0,1.0,0.238,0.226,0.411,0.373
Christian Walker,HOU,572233,154.0,585.0,640.0,139.0,87.0,24.0,1.0,27.0,72.0,88.0,40.0,1.0,177.0,11.0,4.0,0.0,10.0,2.0,1.0,0.238,0.243,0.421,0.444
Jose Trevino,CIN,624431,94.0,282.0,302.0,67.0,43.0,20.0,0.0,4.0,30.0,22.0,15.0,0.0,39.0,0.0,4.0,1.0,9.0,0.0,0.0,0.238,0.246,0.351,0.355
Luis Rengifo,LAA,650859,147.0,501.0,541.0,119.0,91.0,16.0,3.0,9.0,55.0,43.0,33.0,0.0,104.0,3.0,3.0,1.0,7.0,10.0,7.0,0.238,0.265,0.335,0.382
Jesus Sanchez,HOU,660821,134.0,451.0,497.0,107.0,68.0,21.0,4.0,14.0,61.0,48.0,42.0,1.0,110.0,2.0,2.0,0.0,10.0,13.0,3.0,0.237,0.253,0.395,0.455
Josh Bell,WSN,605137,140.0,468.0,533.0,111.0,72.0,16.0,1.0,22.0,54.0,63.0,57.0,1.0,88.0,5.0,3.0,0.0,15.0,0.0,3.0,0.237,0.27,0.417,0.497
Casey Schmitt,SFG,669477,95.0,312.0,348.0,74.0,47.0,15.0,0.0,12.0,34.0,40.0,27.0,1.0,83.0,5.0,3.0,1.0,6.0,0.0,0.0,0.237,0.264,0.401,0.443
Nolan Arenado,STL,571448,107.0,401.0,436.0,95.0,64.0,18.0,1.0,12.0,48.0,52.0,28.0,4.0,49.0,3.0,4.0,0.0,10.0,3.0,0.0,0.237,0.251,0.377,0.374
Royce Lewis,MIN,668904,106.0,376.0,403.0,89.0,58.0,18.0,0.0,13.0,36.0,52.0,25.0,0.0,80.0,0.0,2.0,0.0,7.0,12.0,2.0,0.237,0.251,0.388,0.41
Salvador Perez,KCR,521692,155.0,597.0,641.0,141.0,76.0,35.0,0.0,30.0,54.0,100.0,28.0,5.0,125.0,12.0,1.0,0.0,14.0,0.0,0.0,0.236,0.279,0.446,0.543
Brooks Lee,MIN,686797,139.0,487.0,527.0,115.0,83.0,15.0,1.0,16.0,50.0,64.0,31.0,0.0,92.0,4.0,5.0,0.0,11.0,3.0,1.0,0.236,0.24,0.37,0.379
Jake Burger,TEX,669394,103.0,356.0,376.0,84.0,52.0,15.0,1.0,16.0,43.0,53.0,12.0,0.0,93.0,5.0,3.0,0.0,3.0,1.0,1.0,0.236,0.256,0.419,0.488
Cam Smith,HOU,701358,134.0,441.0,493.0,104.0,71.0,21.0,3.0,9.0,55.0,51.0,43.0,0.0,137.0,7.0,2.0,0.0,11.0,8.0,1.0,0.236,0.242,0.358,0.384
Jo Adell,LAA,666176,152.0,526.0,573.0,124.0,68.0,18.0,1.0,37.0,63.0,98.0,33.0,0.0,151.0,10.0,1.0,0.0,10.0,5.0,1.0,0.236,0.273,0.485,0.565
Jose Caballero,NYY,676609,126.0,314.0,370.0,74.0,50.0,18.0,1.0,5.0,52.0,36.0,47.0,0.0,98.0,3.0,2.0,4.0,1.0,49.0,11.0,0.236,0.224,0.347,0.334
Ke'Bryan Hayes,CIN,663647,152.0,527.0,570.0,124.0,100.0,16.0,3.0,5.0,50.0,49.0,36.0,1.0,111.0,5.0,1.0,1.0,13.0,12.0,3.0,0.235,0.245,0.306,0.35
Jake Bauers,MIL,641343,86.0,183.0,218.0,43.0,27.0,9.0,0.0,7.0,28.0,28.0,32.0,1.0,59.0,2.0,1.0,0.0,1.0,8.0,1.0,0.235,0.248,0.399,0.471
Trent Grisham,NYY,663757,143.0,494.0,581.0,116.0,72.0,9.0,1.0,34.0,87.0,74.0,82.0,0.0,137.0,4.0,1.0,0.0,7.0,3.0,2.0,0.235,0.257,0.464,0.509
Dane Myers,MIA,667472,106.0,307.0,333.0,72.0,56.0,10.0,0.0,6.0,29.0,31.0,23.0,0.0,77.0,2.0,1.0,0.0,12.0,18.0,5.0,0.235,0.26,0.326,0.415
Eli White,ATL,642201,105.0,256.0,271.0,60.0,39.0,8.0,3.0,10.0,43.0,35.0,11.0,1.0,70.0,2.0,1.0,1.0,2.0,10.0,1.0,0.234,0.26,0.406,0.45
Luisangel Acuna,NYM,682668,95.0,175.0,193.0,41.0,34.0,7.0,0.0,0.0,30.0,8.0,13.0,0.0,37.0,2.0,1.0,2.0,6.0,16.0,1.0,0.234,0.244,0.274,0.31
Miguel Vargas,CHW,678246,138.0,504.0,569.0,118.0,68.0,32.0,2.0,16.0,80.0,60.0,56.0,0.0,100.0,6.0,3.0,0.0,9.0,6.0,0.0,0.234,0.248,0.401,0.418
Davis Schneider,TOR,676914,82.0,188.0,227.0,44.0,28.0,5.0,0.0,11.0,33.0,31.0,36.0,0.0,60.0,2.0,1.0,0.0,4.0,3.0,1.0,0.234,0.197,0.436,0.423
Kyle Manzardo,CLE,700932,142.0,470.0,531.0,110.0,62.0,19.0,2.0,27.0,47.0,70.0,48.0,2.0,135.0,8.0,5.0,0.0,7.0,2.0,0.0,0.234,0.231,0.455,0.458
Nacho Alvarez Jr.,ATL,805373,58.0,188.0,208.0,44.0,30.0,12.0,0.0,2.0,18.0,15.0,12.0,0.0,49.0,5.0,1.0,2.0,1.0,0.0,0.0,0.234,0.232,0.33,0.308
Ha-seong Kim,ATL,673490,48.0,171.0,191.0,40.0,31.0,4.0,0.0,5.0,19.0,17.0,16.0,0.0,39.0,2.0,2.0,0.0,2.0,6.0,2.0,0.234,0.249,0.345,0.36
Yoan Moncada,LAA,660162,84.0,248.0,289.0,58.0,31.0,13.0,2.0,12.0,39.0,35.0,32.0,1.0,75.0,7.0,2.0,0.0,4.0,0.0,0.0,0.234,0.23,0.448,0.433
Lars Nootbaar,STL,663457,135.0,509.0,583.0,119.0,81.0,24.0,1.0,13.0,68.0,48.0,64.0,3.0,119.0,6.0,3.0,1.0,4.0,4.0,5.0,0.234,0.241,0.361,0.407
Lawrence Butler,ATH,671732,152.0,569.0,630.0,133.0,80.0,30.0,2.0,21.0,83.0,63.0,59.0,0.0,179.0,0.0,0.0,2.0,7.0,22.0,7.0,0.234,0.238,0.404,0.405
Brady House,WSN,691781,73.0,261.0,274.0,61.0,46.0,11.0,0.0,4.0,26.0,29.0,8.0,0.0,78.0,0.0,5.0,0.0,11.0,5.0,3.0,0.234,0.263,0.322,0.374
Otto Kemp,PHI,805249,62.0,197.0,218.0,46.0,27.0,11.0,0.0,8.0,26.0,28.0,12.0,0.0,67.0,7.0,2.0,0.0,4.0,2.0,2.0,0.234,0.24,0.411,0.428
Mark Vientos,NYM,668901,121.0,424.0,463.0,99.0,59.0,21.0,2.0,17.0,44.0,61.0,30.0,0.0,115.0,5.0,4.0,0.0,11.0,1.0,0.0,0.233,0.252,0.413,0.438
Jonathan India,KCR,663697,136.0,497.0,567.0,116.0,78.0,29.0,0.0,9.0,63.0,45.0,54.0,0.0,106.0,13.0,2.0,1.0,9.0,0.0,4.0,0.233,0.247,0.346,0.387
Curtis Mead,CHW,678554,90.0,240.0,264.0,56.0,42.0,10.0,1.0,3.0,26.0,19.0,15.0,0.0,63.0,8.0,1.0,0.0,9.0,5.0,1.0,0.233,0.238,0.321,0.353
Brenton Doyle,COL,686668,138.0,502.0,538.0,117.0,77.0,23.0,2.0,15.0,57.0,57.0,30.0,0.0,138.0,0.0,4.0,2.0,14.0,18.0,2.0,0.233,0.249,0.376,0.422
Mike Yastrzemski,KCR,573262,147.0,477.0,558.0,111.0,65.0,28.0,1.0,17.0,68.0,46.0,72.0,4.0,108.0,2.0,5.0,2.0,7.0,7.0,2.0,0.233,0.246,0.403,0.429
Brayan Rocchio,CLE,677587,115.0,344.0,383.0,80.0,55.0,18.0,2.0,5.0,34.0,44.0,22.0,0.0,77.0,8.0,5.0,4.0,4.0,8.0,4.0,0.233,0.249,0.34,0.36
Mike Trout,LAA,545361,130.0,456.0,556.0,106.0,65.0,14.0,1.0,26.0,73.0,64.0,87.0,10.0,178.0,6.0,6.0,0.0,7.0,2.0,0.0,0.232,0.246,0.439,0.49
Michael Helman,TEX,680737,38.0,99.0,110.0,23.0,12.0,5.0,1.0,5.0,18.0,20.0,7.0,0.0,21.0,1.0,0.0,3.0,0.0,4.0,0.0,0.232,0.188,0.455,0.339
Marcell Ozuna,ATL,542303,145.0,487.0,592.0,113.0,73.0,19.0,0.0,21.0,61.0,68.0,94.0,2.0,144.0,3.0,7.0,0.0,11.0,0.0,0.0,0.232,0.249,0.4,0.464
Nasim Nunez,WSN,683083,39.0,82.0,92.0,19.0,13.0,2.0,0.0,4.0,13.0,13.0,8.0,0.0,20.0,0.0,1.0,1.0,1.0,9.0,1.0,0.232,0.248,0.402,0.374
Jacob Young,WSN,696285,120.0,324.0,364.0,75.0,62.0,10.0,1.0,2.0,34.0,31.0,27.0,0.0,65.0,3.0,1.0,9.0,7.0,15.0,11.0,0.231,0.268,0.287,0.341
Brandon Lockridge,MIL,663604,67.0,134.0,148.0,31.0,23.0,7.0,1.0,0.0,17.0,11.0,8.0,0.0,36.0,1.0,2.0,3.0,2.0,10.0,1.0,0.231,0.239,0.299,0.314
Matt Chapman,SFG,656305,128.0,454.0,535.0,105.0,59.0,23.0,2.0,21.0,76.0,61.0,71.0,1.0,126.0,6.0,4.0,0.0,8.0,9.0,4.0,0.231,0.254,0.43,0.439
Yohel Pozo,STL,650968,67.0,160.0,168.0,37.0,24.0,8.0,0.0,5.0,16.0,19.0,7.0,0.0,22.0,0.0,1.0,0.0,4.0,0.0,0.0,0.231,0.246,0.375,0.355
Darell Hernaiz,ATH,687231,51.0,173.0,197.0,40.0,32.0,5.0,1.0,2.0,17.0,16.0,17.0,0.0,24.0,0.0,5.0,2.0,2.0,3.0,4.0,0.231,0.259,0.306,0.355
Agustin Ramirez,MIA,682663,136.0,537.0,585.0,124.0,69.0,33.0,1.0,21.0,72.0,67.0,36.0,2.0,113.0,8.0,4.0,0.0,13.0,16.0,3.0,0.231,0.27,0.413,0.466
Tyler Stephenson,CIN,663886,88.0,299.0,342.0,69.0,38.0,18.0,0.0,13.0,40.0,50.0,37.0,1.0,116.0,2.0,4.0,0.0,4.0,0.0,1.0,0.231,0.226,0.421,0.429
Tristan Gray,TBR,656484,30.0,78.0,86.0,18.0,10.0,5.0,0.0,3.0,9.0,9.0,6.0,0.0,19.0,0.0,1.0,1.0,0.0,0.0,0.0,0.231,0.269,0.41,0.485
Blaze Alexander,ARI,677942,74.0,230.0,266.0,53.0,33.0,12.0,1.0,7.0,31.0,28.0,22.0,0.0,86.0,10.0,1.0,3.0,5.0,4.0,6.0,0.23,0.219,0.383,0.382
Pedro Pages,STL,686780,112.0,361.0,389.0,83.0,57.0,15.0,0.0,11.0,38.0,45.0,19.0,1.0,107.0,3.0,3.0,3.0,9.0,0.0,0.0,0.23,0.215,0.363,0.347
Joey Ortiz,MIL,687401,149.0,470.0,506.0,108.0,82.0,18.0,1.0,7.0,62.0,45.0,27.0,0.0,74.0,3.0,0.0,6.0,10.0,14.0,3.0,0.23,0.25,0.317,0.332
Denzel Clarke,ATH,672016,47.0,148.0,159.0,34.0,21.0,8.0,2.0,3.0,18.0,8.0,6.0,0.0,61.0,3.0,0.0,2.0,1.0,6.0,0.0,0.23,0.208,0.372,0.333
Nick Fortes,TBR,663743,97.0,218.0,242.0,50.0,35.0,9.0,1.0,5.0,19.0,21.0,14.0,0.0,47.0,7.0,1.0,2.0,7.0,1.0,0.0,0.229,0.221,0.349,0.328
Jose Iglesias,SDP,578428,112.0,306.0,343.0,70.0,56.0,11.0,0.0,3.0,29.0,36.0,24.0,0.0,56.0,7.0,2.0,4.0,7.0,5.0,1.0,0.229,0.247,0.294,0.325
Rowdy Tellez,TEX,642133,112.0,289.0,312.0,66.0,38.0,11.0,0.0,17.0,34.0,49.0,17.0,0.0,83.0,3.0,3.0,0.0,9.0,1.0,0.0,0.228,0.245,0.443,0.494
Cody Freeman,TEX,683227,36.0,114.0,121.0,26.0,19.0,4.0,0.0,3.0,13.0,15.0,5.0,0.0,19.0,0.0,1.0,1.0,3.0,1.0,1.0,0.228,0.248,0.342,0.329
Taylor Ward,LAA,621493,157.0,579.0,663.0,132.0,63.0,31.0,2.0,36.0,86.0,103.0,75.0,1.0,175.0,3.0,6.0,0.0,13.0,4.0,1.0,0.228,0.242,0.475,0.465
Paul DeJong,WSN,657557,57.0,193.0,208.0,44.0,28.0,10.0,0.0,6.0,18.0,23.0,11.0,0.0,70.0,1.0,3.0,0.0,3.0,4.0,0.0,0.228,0.2,0.373,0.355
Randal Grichuk,KCR,545341,113.0,272.0,293.0,62.0,34.0,18.0,1.0,9.0,35.0,27.0,17.0,1.0,61.0,1.0,3.0,0.0,6.0,0.0,1.0,0.228,0.269,0.401,0.475
Eugenio Suarez,SEA,553993,159.0,588.0,657.0,134.0,57.0,28.0,0.0,49.0,91.0,118.0,46.0,2.0,196.0,16.0,7.0,0.0,11.0,4.0,1.0,0.228,0.217,0.526,0.468
Nathaniel Lowe,BOS,663993,153.0,540.0,609.0,123.0,79.0,23.0,3.0,18.0,64.0,84.0,62.0,2.0,159.0,2.0,5.0,0.0,6.0,1.0,0.0,0.228,0.237,0.381,0.385
Kyle Farmer,COL,571657,97.0,277.0,300.0,63.0,41.0,14.0,0.0,8.0,24.0,31.0,17.0,0.0,66.0,4.0,2.0,0.0,9.0,0.0,1.0,0.227,0.233,0.365,0.358
Dylan Beavers,BAL,687637,35.0,110.0,137.0,25.0,15.0,5.0,1.0,4.0,16.0,14.0,26.0,0.0,36.0,0.0,0.0,1.0,0.0,2.0,2.0,0.227,0.221,0.4,0.418
Adolis Garcia,TEX,666969,135.0,507.0,547.0,115.0,68.0,28.0,0.0,19.0,58.0,75.0,28.0,1.0,135.0,5.0,7.0,0.0,9.0,13.0,4.0,0.227,0.244,0.394,0.444
Jared Triolo,PIT,669707,107.0,331.0,376.0,75.0,48.0,18.0,2.0,7.0,41.0,24.0,39.0,1.0,76.0,2.0,1.0,3.0,4.0,13.0,2.0,0.227,0.248,0.356,0.4
Matt Shaw,CHC,807713,126.0,393.0,437.0,89.0,52.0,21.0,3.0,13.0,57.0,44.0,38.0,0.0,94.0,2.0,4.0,0.0,2.0,17.0,5.0,0.226,0.248,0.394,0.388
Willi Castro,CHC,650489,120.0,402.0,454.0,91.0,60.0,17.0,3.0,11.0,58.0,33.0,40.0,1.0,111.0,11.0,0.0,1.0,12.0,10.0,4.0,0.226,0.239,0.366,0.371
Kyle Karros,COL,691720,43.0,137.0,156.0,31.0,26.0,4.0,0.0,1.0,20.0,9.0,15.0,0.0,41.0,2.0,2.0,0.0,5.0,0.0,0.0,0.226,0.212,0.277,0.269
Ronny Mauricio,NYM,677595,61.0,168.0,184.0,38.0,26.0,6.0,0.0,6.0,19.0,10.0,15.0,1.0,54.0,1.0,0.0,0.0,5.0,4.0,0.0,0.226,0.227,0.369,0.376
Will Benson,CIN,666181,90.0,230.0,253.0,52.0,30.0,8.0,2.0,12.0,31.0,41.0,16.0,1.0,67.0,1.0,6.0,0.0,4.0,2.0,2.0,0.226,0.275,0.435,0.531
Luis Torrens,NYM,620443,93.0,261.0,283.0,59.0,39.0,14.0,1.0,5.0,20.0,29.0,19.0,0.0,56.0,2.0,0.0,1.0,7.0,1.0,0.0,0.226,0.285,0.345,0.472
Blake Perkins,MIL,663368,54.0,155.0,171.0,35.0,24.0,6.0,2.0,3.0,25.0,19.0,15.0,0.0,47.0,1.0,0.0,0.0,4.0,7.0,2.0,0.226,0.226,0.348,0.32
Reese McGuire,CHC,624512,45.0,133.0,140.0,30.0,19.0,2.0,0.0,9.0,17.0,24.0,4.0,0.0,27.0,0.0,2.0,1.0,3.0,0.0,0.0,0.226,0.221,0.444,0.377
Tommy Edman,LAD,669242,97.0,346.0,377.0,78.0,51.0,13.0,1.0,13.0,49.0,49.0,19.0,0.0,61.0,6.0,5.0,1.0,4.0,3.0,1.0,0.225,0.279,0.382,0.421
Willy Adames,SFG,642715,160.0,591.0,686.0,133.0,79.0,22.0,2.0,30.0,94.0,87.0,80.0,2.0,179.0,5.0,9.0,0.0,9.0,12.0,4.0,0.225,0.235,0.421,0.452
Colby Thomas,ATH,687515,49.0,120.0,132.0,27.0,16.0,5.0,0.0,6.0,20.0,19.0,7.0,0.0,49.0,1.0,3.0,1.0,3.0,2.0,1.0,0.225,0.212,0.417,0.39
Will Wagner,SDP,695238,55.0,129.0,149.0,29.0,22.0,7.0,0.0,0.0,15.0,7.0,17.0,0.0,28.0,2.0,0.0,1.0,3.0,1.0,0.0,0.225,0.273,0.279,0.346
Yanquiel Fernandez,COL,692585,52.0,138.0,147.0,31.0,22.0,5.0,0.0,4.0,13.0,11.0,8.0,0.0,44.0,0.0,1.0,0.0,4.0,0.0,0.0,0.225,0.196,0.348,0.319
Ezequiel Duran,TEX,677649,90.0,205.0,219.0,46.0,32.0,14.0,0.0,0.0,16.0,14.0,8.0,0.0,55.0,4.0,1.0,1.0,3.0,11.0,2.0,0.224,0.221,0.293,0.3
Angel Martinez,CLE,682657,139.0,446.0,484.0,100.0,64.0,23.0,2.0,11.0,56.0,45.0,23.0,0.0,110.0,6.0,4.0,5.0,8.0,8.0,2.0,0.224,0.222,0.359,0.325
Johan Rojas,PHI,679032,71.0,152.0,172.0,34.0,28.0,3.0,2.0,1.0,23.0,18.0,13.0,0.0,40.0,0.0,3.0,4.0,2.0,12.0,2.0,0.224,0.237,0.289,0.314
Graham Pauley,MIA,688363,62.0,161.0,184.0,36.0,22.0,9.0,1.0,4.0,18.0,11.0,21.0,0.0,36.0,0.0,1.0,1.0,1.0,2.0,0.0,0.224,0.232,0.366,0.354
Robert Hassell III,WSN,690987,70.0,197.0,206.0,44.0,32.0,9.0,0.0,3.0,22.0,18.0,8.0,0.0,62.0,1.0,0.0,0.0,4.0,4.0,0.0,0.223,0.234,0.315,0.381
Kristian Campbell,BOS,692225,67.0,229.0,263.0,51.0,35.0,10.0,0.0,6.0,24.0,21.0,29.0,0.0,72.0,4.0,1.0,0.0,1.0,2.0,1.0,0.223,0.222,0.345,0.338
Tyrone Taylor,NYM,621438,113.0,310.0,341.0,69.0,46.0,18.0,3.0,2.0,34.0,27.0,16.0,1.0,76.0,9.0,2.0,3.0,4.0,12.0,2.0,0.223,0.265,0.319,0.374
Luis Robert Jr.,CHW,673357,110.0,382.0,431.0,85.0,59.0,12.0,0.0,14.0,52.0,53.0,40.0,3.0,112.0,2.0,3.0,1.0,8.0,33.0,8.0,0.223,0.256,0.364,0.438
Patrick Bailey,SFG,672275,135.0,409.0,452.0,91.0,64.0,18.0,3.0,6.0,47.0,55.0,30.0,0.0,133.0,3.0,6.0,4.0,7.0,1.0,0.0,0.222,0.213,0.325,0.334
Justyn-Henry Malloy,DET,669234,52.0,104.0,127.0,23.0,16.0,6.0,0.0,1.0,15.0,17.0,20.0,0.0,32.0,1.0,2.0,0.0,1.0,0.0,0.0,0.221,0.202,0.308,0.316
Nick Allen,ATL,669397,135.0,371.0,416.0,82.0,71.0,11.0,0.0,0.0,32.0,22.0,31.0,0.0,99.0,3.0,3.0,8.0,8.0,8.0,7.0,0.221,0.223,0.251,0.268
Luis Matos,SFG,682641,57.0,172.0,184.0,38.0,20.0,9.0,1.0,8.0,26.0,22.0,11.0,0.0,27.0,0.0,1.0,0.0,5.0,4.0,0.0,0.221,0.23,0.424,0.383
Andrew Knizner,SFG,668800,33.0,77.0,88.0,17.0,14.0,1.0,1.0,1.0,12.0,5.0,7.0,0.0,10.0,2.0,1.0,1.0,0.0,0.0,0.0,0.221,0.235,0.299,0.322
Adley Rutschman,BAL,668939,90.0,322.0,365.0,71.0,44.0,16.0,2.0,9.0,37.0,29.0,40.0,0.0,57.0,1.0,2.0,0.0,8.0,0.0,0.0,0.22,0.251,0.366,0.421
Gabriel Arias,CLE,672356,129.0,432.0,471.0,95.0,57.0,25.0,2.0,11.0,44.0,54.0,27.0,1.0,162.0,7.0,4.0,1.0,8.0,8.0,4.0,0.22,0.222,0.363,0.398
Alex Jackson,BAL,656577,37.0,91.0,100.0,20.0,7.0,8.0,0.0,5.0,17.0,8.0,5.0,0.0,37.0,4.0,0.0,0.0,2.0,0.0,0.0,0.22,0.195,0.473,0.401
Edouard Julien,MIN,666397,64.0,182.0,208.0,40.0,27.0,10.0,0.0,3.0,13.0,12.0,22.0,0.0,61.0,2.0,1.0,1.0,3.0,0.0,3.0,0.22,0.251,0.324,0.437
Josh Lowe,TBR,666139,108.0,396.0,435.0,87.0,53.0,21.0,2.0,11.0,56.0,40.0,33.0,1.0,109.0,3.0,2.0,1.0,7.0,18.0,4.0,0.22,0.244,0.366,0.379
Matt McLain,CIN,680574,147.0,510.0,577.0,112.0,79.0,18.0,0.0,15.0,73.0,50.0,55.0,0.0,167.0,5.0,4.0,3.0,8.0,18.0,2.0,0.22,0.218,0.343,0.364
C.J. Kayfus,CLE,692216,44.0,123.0,138.0,27.0,12.0,10.0,1.0,4.0,16.0,19.0,11.0,0.0,38.0,2.0,1.0,1.0,0.0,4.0,0.0,0.22,0.252,0.415,0.442
Austin Wells,NYY,669224,126.0,401.0,448.0,88.0,44.0,22.0,1.0,21.0,51.0,71.0,30.0,0.0,118.0,5.0,11.0,0.0,10.0,5.0,1.0,0.219,0.221,0.436,0.411
Christopher Morel,TBR,666624,105.0,278.0,305.0,61.0,34.0,16.0,0.0,11.0,37.0,33.0,25.0,0.0,109.0,2.0,0.0,0.0,8.0,7.0,2.0,0.219,0.225,0.396,0.442
Carlos Santana,CHC,467793,124.0,415.0,474.0,91.0,69.0,11.0,0.0,11.0,49.0,54.0,52.0,1.0,91.0,3.0,4.0,0.0,7.0,7.0,0.0,0.219,0.222,0.325,0.349
Justin Turner,CHC,457759,80.0,169.0,191.0,37.0,27.0,7.0,0.0,3.0,14.0,18.0,17.0,0.0,37.0,1.0,4.0,0.0,3.0,2.0,0.0,0.219,0.24,0.314,0.362
Alexander Canario,PIT,672744,87.0,216.0,234.0,47.0,34.0,6.0,1.0,6.0,25.0,20.0,17.0,0.0,80.0,0.0,1.0,0.0,5.0,3.0,1.0,0.218,0.226,0.338,0.416
Coby Mayo,BAL,691723,85.0,263.0,294.0,57.0,34.0,12.0,0.0,11.0,30.0,28.0,27.0,0.0,84.0,4.0,0.0,0.0,2.0,3.0,0.0,0.217,0.209,0.388,0.372
Tyler Fitzgerald,SFG,666149,72.0,217.0,243.0,47.0,32.0,10.0,1.0,4.0,19.0,14.0,17.0,0.0,70.0,2.0,1.0,6.0,3.0,9.0,4.0,0.217,0.198,0.327,0.289
Derek Hill,CHW,656537,57.0,134.0,149.0,29.0,20.0,6.0,0.0,3.0,19.0,11.0,9.0,0.0,48.0,3.0,0.0,3.0,3.0,7.0,0.0,0.216,0.245,0.328,0.422
Austin Slater,NYY,596103,65.0,148.0,160.0,32.0,20.0,6.0,1.0,5.0,22.0,13.0,11.0,0.0,51.0,0.0,0.0,1.0,6.0,1.0,0.0,0.216,0.263,0.372,0.499
Cedric Mullins,NYM,656775,133.0,435.0,498.0,94.0,53.0,23.0,1.0,17.0,58.0,59.0,50.0,0.0,120.0,4.0,6.0,3.0,2.0,22.0,4.0,0.216,0.215,0.391,0.351
Victor Scott II,STL,687363,138.0,398.0,463.0,86.0,65.0,15.0,1.0,5.0,54.0,37.0,42.0,0.0,111.0,10.0,3.0,10.0,3.0,34.0,4.0,0.216,0.23,0.296,0.318
Max Kepler,PHI,596146,127.0,417.0,474.0,90.0,53.0,19.0,0.0,18.0,58.0,52.0,48.0,3.0,93.0,4.0,4.0,1.0,10.0,3.0,0.0,0.216,0.254,0.391,0.455
Danny Jansen,MIL,643376,98.0,288.0,337.0,62.0,37.0,11.0,0.0,14.0,38.0,36.0,42.0,0.0,86.0,4.0,2.0,1.0,5.0,0.0,0.0,0.215,0.21,0.399,0.365
Jordan Walker,STL,691023,111.0,363.0,396.0,78.0,58.0,13.0,1.0,6.0,40.0,41.0,29.0,1.0,126.0,3.0,1.0,0.0,9.0,10.0,3.0,0.215,0.219,0.306,0.377
Parker Meadows,DET,678009,58.0,191.0,213.0,41.0,29.0,6.0,2.0,4.0,22.0,16.0,21.0,0.0,56.0,0.0,1.0,0.0,0.0,4.0,0.0,0.215,0.234,0.33,0.361
Ryan McMahon,NYY,641857,154.0,509.0,586.0,109.0,65.0,23.0,1.0,20.0,62.0,53.0,70.0,1.0,189.0,4.0,3.0,0.0,7.0,3.0,1.0,0.214,0.229,0.381,0.438
Max Muncy,ATH,691777,63.0,206.0,220.0,44.0,28.0,7.0,0.0,9.0,17.0,23.0,10.0,0.0,68.0,3.0,1.0,0.0,1.0,1.0,1.0,0.214,0.213,0.379,0.369
Kameron Misner,TBR,670224,71.0,197.0,217.0,42.0,27.0,9.0,1.0,5.0,27.0,22.0,16.0,0.0,69.0,1.0,2.0,1.0,1.0,8.0,1.0,0.213,0.193,0.345,0.298
Braxton Fulford,COL,690924,38.0,108.0,120.0,23.0,15.0,5.0,2.0,1.0,11.0,16.0,7.0,0.0,36.0,2.0,3.0,0.0,1.0,1.0,0.0,0.213,0.203,0.324,0.331
Logan O'Hoppe,LAA,681351,119.0,423.0,451.0,90.0,62.0,8.0,1.0,19.0,35.0,43.0,24.0,0.0,139.0,2.0,1.0,1.0,12.0,2.0,1.0,0.213,0.237,0.371,0.436
Jonah Heim,TEX,641680,124.0,395.0,433.0,84.0,59.0,14.0,0.0,11.0,38.0,43.0,32.0,0.0,88.0,1.0,4.0,1.0,10.0,3.0,0.0,0.213,0.226,0.332,0.35
Kody Clemens,MIN,665019,119.0,348.0,386.0,74.0,39.0,12.0,4.0,19.0,46.0,52.0,29.0,1.0,93.0,5.0,2.0,2.0,4.0,5.0,1.0,0.213,0.252,0.434,0.479
Alejandro Osuna,TEX,696030,63.0,151.0,176.0,32.0,26.0,4.0,0.0,2.0,12.0,15.0,21.0,1.0,34.0,2.0,2.0,0.0,1.0,5.0,4.0,0.212,0.275,0.278,0.398
JJ Bleday,ATH,668709,98.0,307.0,344.0,65.0,34.0,17.0,0.0,14.0,48.0,39.0,36.0,2.0,91.0,0.0,1.0,0.0,6.0,1.0,2.0,0.212,0.204,0.404,0.36
Anthony Volpe,NYY,683011,153.0,539.0,596.0,114.0,59.0,32.0,4.0,19.0,65.0,72.0,43.0,0.0,150.0,4.0,7.0,3.0,10.0,18.0,8.0,0.212,0.233,0.391,0.417
Nolan Jones,CLE,666134,136.0,355.0,403.0,75.0,54.0,14.0,2.0,5.0,34.0,34.0,39.0,1.0,113.0,5.0,3.0,1.0,6.0,8.0,3.0,0.211,0.233,0.304,0.384
Chas McCormick,HOU,676801,66.0,100.0,116.0,21.0,15.0,5.0,0.0,1.0,13.0,5.0,9.0,0.0,31.0,1.0,1.0,5.0,1.0,2.0,3.0,0.21,0.24,0.29,0.382
Andres Gimenez,TOR,665926,101.0,329.0,369.0,69.0,50.0,11.0,1.0,7.0,39.0,35.0,25.0,0.0,66.0,11.0,3.0,1.0,8.0,12.0,2.0,0.21,0.258,0.313,0.368
Rafael Marchan,PHI,665561,42.0,105.0,118.0,22.0,16.0,4.0,0.0,2.0,9.0,13.0,10.0,0.0,17.0,1.0,1.0,1.0,1.0,0.0,0.0,0.21,0.216,0.305,0.298
Mitch Garver,SEA,641598,87.0,254.0,290.0,53.0,38.0,5.0,1.0,9.0,29.0,30.0,30.0,1.0,80.0,3.0,3.0,0.0,6.0,3.0,0.0,0.209,0.213,0.343,0.383
Nick Loftin,KCR,679845,67.0,168.0,188.0,35.0,20.0,9.0,2.0,4.0,17.0,20.0,14.0,0.0,27.0,3.0,2.0,1.0,7.0,1.0,1.0,0.208,0.244,0.357,0.379
Dylan Crews,WSN,686611,85.0,293.0,322.0,61.0,41.0,8.0,2.0,10.0,43.0,27.0,24.0,0.0,76.0,5.0,0.0,0.0,4.0,17.0,5.0,0.208,0.246,0.352,0.418
Christian Encarnacion-Strand,CIN,687952,36.0,130.0,137.0,27.0,17.0,4.0,0.0,6.0,13.0,19.0,3.0,0.0,32.0,2.0,2.0,0.0,1.0,0.0,2.0,0.208,0.218,0.377,0.417
Daniel Schneemann,CLE,682177,131.0,379.0,422.0,78.0,47.0,18.0,1.0,12.0,48.0,41.0,38.0,1.0,117.0,3.0,1.0,1.0,4.0,9.0,3.0,0.206,0.225,0.354,0.407
Nolan Gorman,STL,669357,111.0,351.0,402.0,72.0,43.0,14.0,1.0,14.0,48.0,46.0,47.0,2.0,136.0,0.0,4.0,0.0,1.0,1.0,1.0,0.205,0.203,0.37,0.401
Bob Seymour,TBR,676044,26.0,78.0,83.0,16.0,13.0,1.0,1.0,1.0,9.0,5.0,4.0,0.0,32.0,1.0,0.0,0.0,0.0,1.0,0.0,0.205,0.202,0.282,0.274
Martin Maldonado,SDP,455117,64.0,147.0,161.0,30.0,20.0,6.0,0.0,4.0,11.0,12.0,8.0,0.0,57.0,0.0,0.0,6.0,3.0,0.0,0.0,0.204,0.2,0.327,0.366
Elias Diaz,SDP,553869,106.0,255.0,283.0,52.0,36.0,7.0,0.0,9.0,34.0,29.0,21.0,0.0,74.0,2.0,0.0,5.0,11.0,0.0,0.0,0.204,0.208,0.337,0.339
Jake McCarthy,ARI,664983,67.0,206.0,222.0,42.0,26.0,7.0,5.0,4.0,18.0,20.0,10.0,0.0,40.0,2.0,1.0,3.0,2.0,6.0,0.0,0.204,0.246,0.345,0.382
Bryce Teodosio,LAA,669326,50.0,138.0,150.0,28.0,18.0,7.0,2.0,1.0,12.0,7.0,5.0,0.0,47.0,4.0,2.0,1.0,2.0,7.0,1.0,0.203,0.19,0.304,0.269
Dylan Carlson,BAL,666185,83.0,217.0,241.0,44.0,28.0,9.0,1.0,6.0,17.0,20.0,21.0,0.0,54.0,2.0,1.0,0.0,3.0,3.0,3.0,0.203,0.221,0.336,0.367
Enrique Hernandez,LAD,571771,93.0,232.0,256.0,47.0,29.0,8.0,0.0,10.0,30.0,35.0,18.0,0.0,68.0,0.0,5.0,1.0,7.0,0.0,0.0,0.203,0.225,0.366,0.399
J.C. Escarra,NYY,641555,40.0,84.0,98.0,17.0,10.0,5.0,0.0,2.0,5.0,11.0,11.0,0.0,14.0,1.0,2.0,0.0,1.0,1.0,0.0,0.202,0.238,0.333,0.359
Matt Wallner,MIN,670242,104.0,336.0,392.0,68.0,27.0,16.0,3.0,22.0,47.0,40.0,46.0,0.0,114.0,8.0,2.0,0.0,3.0,4.0,3.0,0.202,0.214,0.464,0.45
Orlando Arcia,COL,606115,76.0,203.0,214.0,41.0,30.0,7.0,1.0,3.0,13.0,13.0,10.0,0.0,47.0,0.0,1.0,0.0,4.0,0.0,1.0,0.202,0.219,0.291,0.306
Tim Tawa,ARI,694374,74.0,199.0,225.0,40.0,25.0,8.0,0.0,7.0,29.0,18.0,20.0,0.0,64.0,1.0,3.0,2.0,6.0,8.0,2.0,0.201,0.214,0.347,0.375
Dylan Moore,TEX,664238,106.0,219.0,243.0,44.0,28.0,5.0,0.0,11.0,35.0,25.0,20.0,0.0,82.0,1.0,3.0,0.0,1.0,14.0,5.0,0.201,0.2,0.374,0.345
Michael A. Taylor,CHW,572191,134.0,295.0,325.0,59.0,29.0,20.0,1.0,9.0,33.0,35.0,23.0,1.0,110.0,1.0,2.0,4.0,7.0,8.0,3.0,0.2,0.196,0.366,0.387
Liover Peguero,PIT,678894,33.0,80.0,88.0,16.0,11.0,1.0,0.0,4.0,9.0,8.0,6.0,0.0,25.0,2.0,0.0,0.0,3.0,4.0,0.0,0.2,0.182,0.362,0.304
Oneil Cruz,PIT,665833,135.0,471.0,544.0,94.0,53.0,18.0,3.0,20.0,62.0,61.0,64.0,4.0,174.0,4.0,5.0,0.0,6.0,38.0,5.0,0.2,0.229,0.378,0.438
Tyler O'Neill,BAL,641933,54.0,181.0,209.0,36.0,20.0,6.0,1.0,9.0,22.0,26.0,22.0,1.0,51.0,3.0,3.0,0.0,2.0,4.0,0.0,0.199,0.254,0.392,0.549
Weston Wilson,PHI,642215,54.0,111.0,125.0,22.0,13.0,4.0,0.0,5.0,15.0,17.0,12.0,0.0,34.0,1.0,0.0,1.0,1.0,2.0,3.0,0.198,0.257,0.369,0.444
David Hamilton,BOS,666152,91.0,177.0,194.0,35.0,24.0,4.0,1.0,6.0,27.0,19.0,13.0,0.0,47.0,1.0,0.0,3.0,3.0,22.0,6.0,0.198,0.216,0.333,0.326
Christian Moore,LAA,695681,53.0,162.0,184.0,32.0,19.0,5.0,1.0,7.0,20.0,16.0,19.0,0.0,62.0,1.0,1.0,1.0,3.0,3.0,0.0,0.198,0.214,0.37,0.367
Travis d'Arnaud,LAA,518595,69.0,213.0,231.0,42.0,23.0,13.0,0.0,6.0,16.0,21.0,13.0,0.0,74.0,4.0,1.0,0.0,5.0,0.0,0.0,0.197,0.207,0.343,0.384
Max Schuemann,ATH,680474,101.0,183.0,213.0,36.0,28.0,4.0,2.0,2.0,20.0,13.0,22.0,0.0,35.0,4.0,1.0,3.0,6.0,7.0,1.0,0.197,0.232,0.273,0.331
Taylor Trammell,HOU,666211,52.0,117.0,135.0,23.0,13.0,7.0,0.0,3.0,15.0,12.0,17.0,0.0,41.0,0.0,1.0,0.0,0.0,3.0,2.0,0.197,0.195,0.333,0.316
John Rave,KCR,670231,72.0,153.0,175.0,30.0,21.0,5.0,0.0,4.0,18.0,14.0,18.0,0.0,46.0,1.0,1.0,2.0,1.0,7.0,2.0,0.196,0.236,0.307,0.357
Trey Sweeney,DET,700242,118.0,296.0,326.0,58.0,44.0,6.0,2.0,6.0,36.0,32.0,26.0,0.0,92.0,0.0,4.0,0.0,2.0,3.0,1.0,0.196,0.195,0.291,0.3
Colton Cowser,BAL,681297,92.0,327.0,360.0,64.0,34.0,14.0,0.0,16.0,36.0,40.0,27.0,1.0,128.0,6.0,0.0,0.0,5.0,14.0,0.0,0.196,0.211,0.385,0.419
Bo Naylor,CLE,666310,123.0,359.0,414.0,70.0,33.0,22.0,1.0,14.0,46.0,47.0,45.0,0.0,99.0,1.0,6.0,3.0,4.0,1.0,2.0,0.195,0.212,0.379,0.385
Will Wilson,CLE,669717,34.0,78.0,91.0,15.0,11.0,4.0,0.0,0.0,7.0,2.0,7.0,0.0,34.0,1.0,0.0,5.0,1.0,2.0,0.0,0.192,0.153,0.244,0.233
Heston Kjerstad,BAL,677008,54.0,156.0,167.0,30.0,19.0,5.0,2.0,4.0,16.0,19.0,6.0,0.0,45.0,4.0,1.0,0.0,9.0,1.0,0.0,0.192,0.242,0.327,0.414
Connor Wong,BOS,657136,63.0,168.0,188.0,32.0,24.0,8.0,0.0,0.0,16.0,7.0,16.0,0.0,42.0,1.0,2.0,1.0,7.0,2.0,1.0,0.19,0.229,0.238,0.304
Kyren Paris,LAA,677347,44.0,126.0,140.0,24.0,13.0,4.0,1.0,6.0,20.0,11.0,10.0,0.0,59.0,3.0,0.0,0.0,1.0,7.0,1.0,0.19,0.187,0.381,0.372
Drew Gilbert,SFG,687551,39.0,100.0,109.0,19.0,10.0,5.0,1.0,3.0,12.0,13.0,7.0,0.0,20.0,1.0,1.0,0.0,2.0,1.0,1.0,0.19,0.22,0.35,0.336
Michael Toglia,COL,669911,88.0,306.0,337.0,58.0,31.0,15.0,1.0,11.0,22.0,32.0,28.0,2.0,132.0,1.0,2.0,0.0,7.0,3.0,0.0,0.19,0.204,0.353,0.362
Christian Vazquez,MIN,543877,65.0,190.0,214.0,36.0,26.0,7.0,0.0,3.0,14.0,14.0,18.0,0.0,35.0,4.0,2.0,0.0,3.0,1.0,1.0,0.189,0.213,0.274,0.306
Jake Rogers,DET,668670,49.0,123.0,142.0,23.0,13.0,5.0,2.0,3.0,14.0,19.0,15.0,0.0,39.0,1.0,2.0,1.0,3.0,0.0,0.0,0.187,0.201,0.333,0.324
Riley Adams,WSN,656180,83.0,263.0,286.0,49.0,33.0,8.0,0.0,8.0,29.0,24.0,18.0,0.0,110.0,5.0,0.0,0.0,6.0,1.0,0.0,0.186,0.216,0.308,0.363
Willie MacIver,ATH,680862,33.0,102.0,111.0,19.0,11.0,5.0,0.0,3.0,7.0,9.0,7.0,0.0,27.0,2.0,0.0,0.0,1.0,3.0,0.0,0.186,0.208,0.324,0.309
Chris Taylor,LAA,621035,58.0,113.0,125.0,21.0,12.0,7.0,0.0,2.0,15.0,12.0,5.0,0.0,42.0,6.0,1.0,0.0,1.0,2.0,2.0,0.186,0.211,0.301,0.331
Joc Pederson,TEX,592626,96.0,265.0,306.0,48.0,28.0,10.0,1.0,9.0,28.0,26.0,34.0,0.0,65.0,5.0,1.0,0.0,5.0,2.0,0.0,0.181,0.229,0.328,0.398
Jorge Mateo,BAL,622761,43.0,79.0,83.0,14.0,9.0,4.0,0.0,1.0,9.0,3.0,4.0,0.0,30.0,0.0,0.0,0.0,1.0,15.0,2.0,0.177,0.176,0.266,0.262
Adael Amador,COL,691182,41.0,113.0,128.0,20.0,12.0,7.0,0.0,1.0,5.0,10.0,11.0,0.0,27.0,1.0,0.0,3.0,2.0,1.0,1.0,0.177,0.221,0.265,0.303
Tyler Locklear,ARI,682988,31.0,103.0,116.0,18.0,15.0,0.0,0.0,3.0,11.0,6.0,10.0,0.0,43.0,3.0,0.0,0.0,3.0,3.0,1.0,0.175,0.171,0.262,0.285
Zack Gelof,ATH,680869,30.0,92.0,101.0,16.0,11.0,3.0,0.0,2.0,12.0,7.0,7.0,0.0,46.0,0.0,1.0,1.0,0.0,1.0,2.0,0.174,0.154,0.272,0.315
Carson Williams,TBR,700246,32.0,99.0,106.0,17.0,9.0,3.0,0.0,5.0,11.0,12.0,6.0,0.0,44.0,0.0,0.0,1.0,3.0,2.0,1.0,0.172,0.176,0.354,0.331
David Fry,CLE,681807,66.0,146.0,157.0,25.0,13.0,4.0,0.0,8.0,16.0,23.0,9.0,0.0,58.0,2.0,0.0,0.0,3.0,1.0,0.0,0.171,0.144,0.363,0.266
Henry Davis,PIT,680779,87.0,252.0,283.0,42.0,28.0,7.0,0.0,7.0,25.0,22.0,18.0,0.0,76.0,5.0,3.0,3.0,2.0,2.0,1.0,0.167,0.222,0.278,0.408
Samuel Basallo,BAL,694212,31.0,109.0,118.0,18.0,8.0,6.0,0.0,4.0,10.0,15.0,6.0,0.0,30.0,3.0,0.0,0.0,4.0,0.0,0.0,0.165,0.222,0.33,0.391
Oswald Peraza,LAA,672724,106.0,244.0,265.0,40.0,29.0,6.0,0.0,5.0,24.0,20.0,17.0,0.0,80.0,2.0,1.0,0.0,6.0,9.0,0.0,0.164,0.203,0.25,0.319
Jhonkensy Noel,CLE,678877,69.0,148.0,153.0,24.0,16.0,2.0,0.0,6.0,19.0,13.0,4.0,0.0,52.0,0.0,1.0,0.0,4.0,0.0,0.0,0.162,0.172,0.297,0.299
Austin Hedges,CLE,595978,70.0,155.0,180.0,25.0,17.0,3.0,0.0,5.0,13.0,10.0,18.0,0.0,43.0,1.0,2.0,4.0,2.0,1.0,2.0,0.161,0.178,0.277,0.286
Lane Thomas,CLE,657041,39.0,125.0,142.0,20.0,14.0,2.0,0.0,4.0,10.0,11.0,14.0,0.0,44.0,1.0,2.0,0.0,4.0,4.0,1.0,0.16,0.174,0.272,0.283
Mickey Gasper,MIN,681508,45.0,95.0,110.0,15.0,12.0,1.0,0.0,2.0,15.0,11.0,10.0,0.0,20.0,3.0,1.0,1.0,1.0,2.0,0.0,0.158,0.168,0.232,0.244
Jac Caglianone,KCR,695506,62.0,210.0,232.0,33.0,19.0,6.0,1.0,7.0,19.0,18.0,18.0,0.0,52.0,4.0,0.0,0.0,4.0,1.0,0.0,0.157,0.248,0.295,0.432
Ben Rortvedt,LAD,666163,44.0,112.0,128.0,17.0,13.0,3.0,0.0,1.0,9.0,10.0,11.0,0.0,23.0,2.0,0.0,3.0,1.0,0.0,0.0,0.152,0.192,0.205,0.255
Hunter Feduccia,TBR,676439,38.0,88.0,105.0,13.0,8.0,5.0,0.0,0.0,5.0,8.0,15.0,0.0,29.0,0.0,2.0,0.0,0.0,1.0,0.0,0.148,0.195,0.205,0.292
Jack Suwinski,PIT,669261,59.0,150.0,178.0,22.0,12.0,7.0,0.0,3.0,15.0,10.0,24.0,1.0,57.0,4.0,0.0,0.0,1.0,7.0,1.0,0.147,0.204,0.253,0.386
James Outman,MIN,681546,59.0,134.0,148.0,18.0,6.0,5.0,1.0,6.0,19.0,11.0,12.0,0.0,63.0,2.0,0.0,0.0,0.0,1.0,0.0,0.134,0.166,0.321,0.384
DaShawn Keirsey Jr.,MIN,680577,74.0,84.0,88.0,9.0,7.0,0.0,0.0,2.0,11.0,6.0,2.0,0.0,33.0,1.0,0.0,1.0,1.0,10.0,3.0,0.107,0.149,0.179,0.224
